date,pmi_manufacturing_usa,pmi_manufacturing_china
2017-01-01,58.2,51.8
2017-01-02,58.2,51.8
2017-01-03,58.2,51.8
2017-01-04,58.2,51.8
2017-01-05,58.2,51.8
2017-01-06,58.2,51.8
2017-01-07,58.2,51.8
2017-01-08,58.2,51.8
2017-01-09,58.2,51.8
2017-01-10,58.2,51.8
2017-01-11,58.2,51.8
2017-01-12,58.2,51.8
2017-01-13,58.2,51.8
2017-01-14,58.2,51.8
2017-01-15,58.2,51.8
2017-01-16,58.2,51.8
2017-01-17,58.2,51.8
2017-01-18,58.2,51.8
2017-01-19,58.2,51.8
2017-01-20,58.2,51.8
2017-01-21,58.2,51.8
2017-01-22,58.2,51.8
2017-01-23,58.2,51.8
2017-01-24,58.2,51.8
2017-01-25,58.2,51.8
2017-01-26,58.2,51.8
2017-01-27,58.2,51.8
2017-01-28,58.2,51.8
2017-01-29,58.2,51.8
2017-01-30,58.2,51.8
2017-01-31,58.2,51.8
2017-02-01,58.2,51.8
2017-02-02,58.2,51.8
2017-02-03,58.2,51.8
2017-02-04,58.2,51.8
2017-02-05,58.2,51.8
2017-02-06,58.2,51.8
2017-02-07,58.2,51.8
2017-02-08,58.2,51.8
2017-02-09,58.2,51.8
2017-02-10,58.2,51.8
2017-02-11,58.2,51.8
2017-02-12,58.2,51.8
2017-02-13,58.2,51.8
2017-02-14,58.2,51.8
2017-02-15,58.2,51.8
2017-02-16,58.2,51.8
2017-02-17,58.2,51.8
2017-02-18,58.2,51.8
2017-02-19,58.2,51.8
2017-02-20,58.2,51.8
2017-02-21,58.2,51.8
2017-02-22,58.2,51.8
2017-02-23,58.2,51.8
2017-02-24,58.2,51.8
2017-02-25,58.2,51.8
2017-02-26,58.2,51.8
2017-02-27,58.2,51.8
2017-02-28,58.2,51.8
2017-03-01,58.2,51.8
2017-03-02,58.2,51.8
2017-03-03,58.2,51.8
2017-03-04,58.2,51.8
2017-03-05,58.2,51.8
2017-03-06,58.2,51.8
2017-03-07,58.2,51.8
2017-03-08,58.2,51.8
2017-03-09,58.2,51.8
2017-03-10,58.2,51.8
2017-03-11,58.2,51.8
2017-03-12,58.2,51.8
2017-03-13,58.2,51.8
2017-03-14,58.2,51.8
2017-03-15,58.2,51.8
2017-03-16,58.2,51.8
2017-03-17,58.2,51.8
2017-03-18,58.2,51.8
2017-03-19,58.2,51.8
2017-03-20,58.2,51.8
2017-03-21,58.2,51.8
2017-03-22,58.2,51.8
2017-03-23,58.2,51.8
2017-03-24,58.2,51.8
2017-03-25,58.2,51.8
2017-03-26,58.2,51.8
2017-03-27,58.2,51.8
2017-03-28,58.2,51.8
2017-03-29,58.2,51.8
2017-03-30,58.2,51.8
2017-03-31,58.2,51.8
2017-04-01,58.2,51.8
2017-04-02,58.2,51.8
2017-04-03,58.2,51.8
2017-04-04,58.2,51.8
2017-04-05,58.2,51.8
2017-04-06,58.2,51.8
2017-04-07,58.2,51.8
2017-04-08,58.2,51.8
2017-04-09,58.2,51.8
2017-04-10,58.2,51.8
2017-04-11,58.2,51.8
2017-04-12,58.2,51.8
2017-04-13,58.2,51.8
2017-04-14,58.2,51.8
2017-04-15,58.2,51.8
2017-04-16,58.2,51.8
2017-04-17,58.2,51.8
2017-04-18,58.2,51.8
2017-04-19,58.2,51.8
2017-04-20,58.2,51.8
2017-04-21,58.2,51.8
2017-04-22,58.2,51.8
2017-04-23,58.2,51.8
2017-04-24,58.2,51.8
2017-04-25,58.2,51.8
2017-04-26,58.2,51.8
2017-04-27,58.2,51.8
2017-04-28,58.2,51.8
2017-04-29,58.2,51.8
2017-04-30,58.2,51.8
2017-05-01,58.2,51.8
2017-05-02,58.2,51.8
2017-05-03,58.2,51.8
2017-05-04,58.2,51.8
2017-05-05,58.2,51.8
2017-05-06,58.2,51.8
2017-05-07,58.2,51.8
2017-05-08,58.2,51.8
2017-05-09,58.2,51.8
2017-05-10,58.2,51.8
2017-05-11,58.2,51.8
2017-05-12,58.2,51.8
2017-05-13,58.2,51.8
2017-05-14,58.2,51.8
2017-05-15,58.2,51.8
2017-05-16,58.2,51.8
2017-05-17,58.2,51.8
2017-05-18,58.2,51.8
2017-05-19,58.2,51.8
2017-05-20,58.2,51.8
2017-05-21,58.2,51.8
2017-05-22,58.2,51.8
2017-05-23,58.2,51.8
2017-05-24,58.2,51.8
2017-05-25,58.2,51.8
2017-05-26,58.2,51.8
2017-05-27,58.2,51.8
2017-05-28,58.2,51.8
2017-05-29,58.2,51.8
2017-05-30,58.2,51.8
2017-05-31,58.2,51.8
2017-06-01,58.2,51.8
2017-06-02,58.2,51.8
2017-06-03,58.2,51.8
2017-06-04,58.2,51.8
2017-06-05,58.2,51.8
2017-06-06,58.2,51.8
2017-06-07,58.2,51.8
2017-06-08,58.2,51.8
2017-06-09,58.2,51.8
2017-06-10,58.2,51.8
2017-06-11,58.2,51.8
2017-06-12,58.2,51.8
2017-06-13,58.2,51.8
2017-06-14,58.2,51.8
2017-06-15,58.2,51.8
2017-06-16,58.2,51.8
2017-06-17,58.2,51.8
2017-06-18,58.2,51.8
2017-06-19,58.2,51.8
2017-06-20,58.2,51.8
2017-06-21,58.2,51.8
2017-06-22,58.2,51.8
2017-06-23,58.2,51.8
2017-06-24,58.2,51.8
2017-06-25,58.2,51.8
2017-06-26,58.2,51.8
2017-06-27,58.2,51.8
2017-06-28,58.2,51.8
2017-06-29,58.2,51.8
2017-06-30,58.2,51.8
2017-07-01,58.2,51.8
2017-07-02,58.2,51.8
2017-07-03,58.2,51.8
2017-07-04,58.2,51.8
2017-07-05,58.2,51.8
2017-07-06,58.2,51.8
2017-07-07,58.2,51.8
2017-07-08,58.2,51.8
2017-07-09,58.2,51.8
2017-07-10,58.2,51.8
2017-07-11,58.2,51.8
2017-07-12,58.2,51.8
2017-07-13,58.2,51.8
2017-07-14,58.2,51.8
2017-07-15,58.2,51.8
2017-07-16,58.2,51.8
2017-07-17,58.2,51.8
2017-07-18,58.2,51.8
2017-07-19,58.2,51.8
2017-07-20,58.2,51.8
2017-07-21,58.2,51.8
2017-07-22,58.2,51.8
2017-07-23,58.2,51.8
2017-07-24,58.2,51.8
2017-07-25,58.2,51.8
2017-07-26,58.2,51.8
2017-07-27,58.2,51.8
2017-07-28,58.2,51.8
2017-07-29,58.2,51.8
2017-07-30,58.2,51.8
2017-07-31,58.2,51.8
2017-08-01,58.2,51.8
2017-08-02,58.2,51.8
2017-08-03,58.2,51.8
2017-08-04,58.2,51.8
2017-08-05,58.2,51.8
2017-08-06,58.2,51.8
2017-08-07,58.2,51.8
2017-08-08,58.2,51.8
2017-08-09,58.2,51.8
2017-08-10,58.2,51.8
2017-08-11,58.2,51.8
2017-08-12,58.2,51.8
2017-08-13,58.2,51.8
2017-08-14,58.2,51.8
2017-08-15,58.2,51.8
2017-08-16,58.2,51.8
2017-08-17,58.2,51.8
2017-08-18,58.2,51.8
2017-08-19,58.2,51.8
2017-08-20,58.2,51.8
2017-08-21,58.2,51.8
2017-08-22,58.2,51.8
2017-08-23,58.2,51.8
2017-08-24,58.2,51.8
2017-08-25,58.2,51.8
2017-08-26,58.2,51.8
2017-08-27,58.2,51.8
2017-08-28,58.2,51.8
2017-08-29,58.2,51.8
2017-08-30,58.2,51.8
2017-08-31,58.2,51.8
2017-09-01,58.2,51.8
2017-09-02,58.2,51.8
2017-09-03,58.2,51.8
2017-09-04,58.2,51.8
2017-09-05,58.2,51.8
2017-09-06,58.2,51.8
2017-09-07,58.2,51.8
2017-09-08,58.2,51.8
2017-09-09,58.2,51.8
2017-09-10,58.2,51.8
2017-09-11,58.2,51.8
2017-09-12,58.2,51.8
2017-09-13,58.2,51.8
2017-09-14,58.2,51.8
2017-09-15,58.2,51.8
2017-09-16,58.2,51.8
2017-09-17,58.2,51.8
2017-09-18,58.2,51.8
2017-09-19,58.2,51.8
2017-09-20,58.2,51.8
2017-09-21,58.2,51.8
2017-09-22,58.2,51.8
2017-09-23,58.2,51.8
2017-09-24,58.2,51.8
2017-09-25,58.2,51.8
2017-09-26,58.2,51.8
2017-09-27,58.2,51.8
2017-09-28,58.2,51.8
2017-09-29,58.2,51.8
2017-09-30,58.2,51.8
2017-10-01,58.2,51.8
2017-10-02,58.2,51.8
2017-10-03,58.2,51.8
2017-10-04,58.2,51.8
2017-10-05,58.2,51.8
2017-10-06,58.2,51.8
2017-10-07,58.2,51.8
2017-10-08,58.2,51.8
2017-10-09,58.2,51.8
2017-10-10,58.2,51.8
2017-10-11,58.2,51.8
2017-10-12,58.2,51.8
2017-10-13,58.2,51.8
2017-10-14,58.2,51.8
2017-10-15,58.2,51.8
2017-10-16,58.2,51.8
2017-10-17,58.2,51.8
2017-10-18,58.2,51.8
2017-10-19,58.2,51.8
2017-10-20,58.2,51.8
2017-10-21,58.2,51.8
2017-10-22,58.2,51.8
2017-10-23,58.2,51.8
2017-10-24,58.2,51.8
2017-10-25,58.2,51.8
2017-10-26,58.2,51.8
2017-10-27,58.2,51.8
2017-10-28,58.2,51.8
2017-10-29,58.2,51.8
2017-10-30,58.2,51.8
2017-10-31,58.2,51.8
2017-11-01,58.2,51.8
2017-11-02,58.2,51.8
2017-11-03,58.2,51.8
2017-11-04,58.2,51.8
2017-11-05,58.2,51.8
2017-11-06,58.2,51.8
2017-11-07,58.2,51.8
2017-11-08,58.2,51.8
2017-11-09,58.2,51.8
2017-11-10,58.2,51.8
2017-11-11,58.2,51.8
2017-11-12,58.2,51.8
2017-11-13,58.2,51.8
2017-11-14,58.2,51.8
2017-11-15,58.2,51.8
2017-11-16,58.2,51.8
2017-11-17,58.2,51.8
2017-11-18,58.2,51.8
2017-11-19,58.2,51.8
2017-11-20,58.2,51.8
2017-11-21,58.2,51.8
2017-11-22,58.2,51.8
2017-11-23,58.2,51.8
2017-11-24,58.2,51.8
2017-11-25,58.2,51.8
2017-11-26,58.2,51.8
2017-11-27,58.2,51.8
2017-11-28,58.2,51.8
2017-11-29,58.2,51.8
2017-11-30,58.2,51.8
2017-12-01,59.7,51.6
2017-12-02,59.7,51.6
2017-12-03,59.7,51.6
2017-12-04,59.7,51.6
2017-12-05,59.7,51.6
2017-12-06,59.7,51.6
2017-12-07,59.7,51.6
2017-12-08,59.7,51.6
2017-12-09,59.7,51.6
2017-12-10,59.7,51.6
2017-12-11,59.7,51.6
2017-12-12,59.7,51.6
2017-12-13,59.7,51.6
2017-12-14,59.7,51.6
2017-12-15,59.7,51.6
2017-12-16,59.7,51.6
2017-12-17,59.7,51.6
2017-12-18,59.7,51.6
2017-12-19,59.7,51.6
2017-12-20,59.7,51.6
2017-12-21,59.7,51.6
2017-12-22,59.7,51.6
2017-12-23,59.7,51.6
2017-12-24,59.7,51.6
2017-12-25,59.7,51.6
2017-12-26,59.7,51.6
2017-12-27,59.7,51.6
2017-12-28,59.7,51.6
2017-12-29,59.7,51.6
2017-12-30,59.7,51.6
2017-12-31,59.7,51.6
2018-01-01,59.1,51.3
2018-01-02,59.1,51.3
2018-01-03,59.1,51.3
2018-01-04,59.1,51.3
2018-01-05,59.1,51.3
2018-01-06,59.1,51.3
2018-01-07,59.1,51.3
2018-01-08,59.1,51.3
2018-01-09,59.1,51.3
2018-01-10,59.1,51.3
2018-01-11,59.1,51.3
2018-01-12,59.1,51.3
2018-01-13,59.1,51.3
2018-01-14,59.1,51.3
2018-01-15,59.1,51.3
2018-01-16,59.1,51.3
2018-01-17,59.1,51.3
2018-01-18,59.1,51.3
2018-01-19,59.1,51.3
2018-01-20,59.1,51.3
2018-01-21,59.1,51.3
2018-01-22,59.1,51.3
2018-01-23,59.1,51.3
2018-01-24,59.1,51.3
2018-01-25,59.1,51.3
2018-01-26,59.1,51.3
2018-01-27,59.1,51.3
2018-01-28,59.1,51.3
2018-01-29,59.1,51.3
2018-01-30,59.1,51.3
2018-01-31,59.1,51.3
2018-02-01,60.8,50.3
2018-02-02,60.8,50.3
2018-02-03,60.8,50.3
2018-02-04,60.8,50.3
2018-02-05,60.8,50.3
2018-02-06,60.8,50.3
2018-02-07,60.8,50.3
2018-02-08,60.8,50.3
2018-02-09,60.8,50.3
2018-02-10,60.8,50.3
2018-02-11,60.8,50.3
2018-02-12,60.8,50.3
2018-02-13,60.8,50.3
2018-02-14,60.8,50.3
2018-02-15,60.8,50.3
2018-02-16,60.8,50.3
2018-02-17,60.8,50.3
2018-02-18,60.8,50.3
2018-02-19,60.8,50.3
2018-02-20,60.8,50.3
2018-02-21,60.8,50.3
2018-02-22,60.8,50.3
2018-02-23,60.8,50.3
2018-02-24,60.8,50.3
2018-02-25,60.8,50.3
2018-02-26,60.8,50.3
2018-02-27,60.8,50.3
2018-02-28,60.8,50.3
2018-03-01,59.3,51.5
2018-03-02,59.3,51.5
2018-03-03,59.3,51.5
2018-03-04,59.3,51.5
2018-03-05,59.3,51.5
2018-03-06,59.3,51.5
2018-03-07,59.3,51.5
2018-03-08,59.3,51.5
2018-03-09,59.3,51.5
2018-03-10,59.3,51.5
2018-03-11,59.3,51.5
2018-03-12,59.3,51.5
2018-03-13,59.3,51.5
2018-03-14,59.3,51.5
2018-03-15,59.3,51.5
2018-03-16,59.3,51.5
2018-03-17,59.3,51.5
2018-03-18,59.3,51.5
2018-03-19,59.3,51.5
2018-03-20,59.3,51.5
2018-03-21,59.3,51.5
2018-03-22,59.3,51.5
2018-03-23,59.3,51.5
2018-03-24,59.3,51.5
2018-03-25,59.3,51.5
2018-03-26,59.3,51.5
2018-03-27,59.3,51.5
2018-03-28,59.3,51.5
2018-03-29,59.3,51.5
2018-03-30,59.3,51.5
2018-03-31,59.3,51.5
2018-04-01,57.3,51.4
2018-04-02,57.3,51.4
2018-04-03,57.3,51.4
2018-04-04,57.3,51.4
2018-04-05,57.3,51.4
2018-04-06,57.3,51.4
2018-04-07,57.3,51.4
2018-04-08,57.3,51.4
2018-04-09,57.3,51.4
2018-04-10,57.3,51.4
2018-04-11,57.3,51.4
2018-04-12,57.3,51.4
2018-04-13,57.3,51.4
2018-04-14,57.3,51.4
2018-04-15,57.3,51.4
2018-04-16,57.3,51.4
2018-04-17,57.3,51.4
2018-04-18,57.3,51.4
2018-04-19,57.3,51.4
2018-04-20,57.3,51.4
2018-04-21,57.3,51.4
2018-04-22,57.3,51.4
2018-04-23,57.3,51.4
2018-04-24,57.3,51.4
2018-04-25,57.3,51.4
2018-04-26,57.3,51.4
2018-04-27,57.3,51.4
2018-04-28,57.3,51.4
2018-04-29,57.3,51.4
2018-04-30,57.3,51.4
2018-05-01,58.7,51.9
2018-05-02,58.7,51.9
2018-05-03,58.7,51.9
2018-05-04,58.7,51.9
2018-05-05,58.7,51.9
2018-05-06,58.7,51.9
2018-05-07,58.7,51.9
2018-05-08,58.7,51.9
2018-05-09,58.7,51.9
2018-05-10,58.7,51.9
2018-05-11,58.7,51.9
2018-05-12,58.7,51.9
2018-05-13,58.7,51.9
2018-05-14,58.7,51.9
2018-05-15,58.7,51.9
2018-05-16,58.7,51.9
2018-05-17,58.7,51.9
2018-05-18,58.7,51.9
2018-05-19,58.7,51.9
2018-05-20,58.7,51.9
2018-05-21,58.7,51.9
2018-05-22,58.7,51.9
2018-05-23,58.7,51.9
2018-05-24,58.7,51.9
2018-05-25,58.7,51.9
2018-05-26,58.7,51.9
2018-05-27,58.7,51.9
2018-05-28,58.7,51.9
2018-05-29,58.7,51.9
2018-05-30,58.7,51.9
2018-05-31,58.7,51.9
2018-06-01,60.2,51.5
2018-06-02,60.2,51.5
2018-06-03,60.2,51.5
2018-06-04,60.2,51.5
2018-06-05,60.2,51.5
2018-06-06,60.2,51.5
2018-06-07,60.2,51.5
2018-06-08,60.2,51.5
2018-06-09,60.2,51.5
2018-06-10,60.2,51.5
2018-06-11,60.2,51.5
2018-06-12,60.2,51.5
2018-06-13,60.2,51.5
2018-06-14,60.2,51.5
2018-06-15,60.2,51.5
2018-06-16,60.2,51.5
2018-06-17,60.2,51.5
2018-06-18,60.2,51.5
2018-06-19,60.2,51.5
2018-06-20,60.2,51.5
2018-06-21,60.2,51.5
2018-06-22,60.2,51.5
2018-06-23,60.2,51.5
2018-06-24,60.2,51.5
2018-06-25,60.2,51.5
2018-06-26,60.2,51.5
2018-06-27,60.2,51.5
2018-06-28,60.2,51.5
2018-06-29,60.2,51.5
2018-06-30,60.2,51.5
2018-07-01,58.1,51.2
2018-07-02,58.1,51.2
2018-07-03,58.1,51.2
2018-07-04,58.1,51.2
2018-07-05,58.1,51.2
2018-07-06,58.1,51.2
2018-07-07,58.1,51.2
2018-07-08,58.1,51.2
2018-07-09,58.1,51.2
2018-07-10,58.1,51.2
2018-07-11,58.1,51.2
2018-07-12,58.1,51.2
2018-07-13,58.1,51.2
2018-07-14,58.1,51.2
2018-07-15,58.1,51.2
2018-07-16,58.1,51.2
2018-07-17,58.1,51.2
2018-07-18,58.1,51.2
2018-07-19,58.1,51.2
2018-07-20,58.1,51.2
2018-07-21,58.1,51.2
2018-07-22,58.1,51.2
2018-07-23,58.1,51.2
2018-07-24,58.1,51.2
2018-07-25,58.1,51.2
2018-07-26,58.1,51.2
2018-07-27,58.1,51.2
2018-07-28,58.1,51.2
2018-07-29,58.1,51.2
2018-07-30,58.1,51.2
2018-07-31,58.1,51.2
2018-08-01,61.3,51.3
2018-08-02,61.3,51.3
2018-08-03,61.3,51.3
2018-08-04,61.3,51.3
2018-08-05,61.3,51.3
2018-08-06,61.3,51.3
2018-08-07,61.3,51.3
2018-08-08,61.3,51.3
2018-08-09,61.3,51.3
2018-08-10,61.3,51.3
2018-08-11,61.3,51.3
2018-08-12,61.3,51.3
2018-08-13,61.3,51.3
2018-08-14,61.3,51.3
2018-08-15,61.3,51.3
2018-08-16,61.3,51.3
2018-08-17,61.3,51.3
2018-08-18,61.3,51.3
2018-08-19,61.3,51.3
2018-08-20,61.3,51.3
2018-08-21,61.3,51.3
2018-08-22,61.3,51.3
2018-08-23,61.3,51.3
2018-08-24,61.3,51.3
2018-08-25,61.3,51.3
2018-08-26,61.3,51.3
2018-08-27,61.3,51.3
2018-08-28,61.3,51.3
2018-08-29,61.3,51.3
2018-08-30,61.3,51.3
2018-08-31,61.3,51.3
2018-09-01,59.8,50.8
2018-09-02,59.8,50.8
2018-09-03,59.8,50.8
2018-09-04,59.8,50.8
2018-09-05,59.8,50.8
2018-09-06,59.8,50.8
2018-09-07,59.8,50.8
2018-09-08,59.8,50.8
2018-09-09,59.8,50.8
2018-09-10,59.8,50.8
2018-09-11,59.8,50.8
2018-09-12,59.8,50.8
2018-09-13,59.8,50.8
2018-09-14,59.8,50.8
2018-09-15,59.8,50.8
2018-09-16,59.8,50.8
2018-09-17,59.8,50.8
2018-09-18,59.8,50.8
2018-09-19,59.8,50.8
2018-09-20,59.8,50.8
2018-09-21,59.8,50.8
2018-09-22,59.8,50.8
2018-09-23,59.8,50.8
2018-09-24,59.8,50.8
2018-09-25,59.8,50.8
2018-09-26,59.8,50.8
2018-09-27,59.8,50.8
2018-09-28,59.8,50.8
2018-09-29,59.8,50.8
2018-09-30,59.8,50.8
2018-10-01,57.7,50.2
2018-10-02,57.7,50.2
2018-10-03,57.7,50.2
2018-10-04,57.7,50.2
2018-10-05,57.7,50.2
2018-10-06,57.7,50.2
2018-10-07,57.7,50.2
2018-10-08,57.7,50.2
2018-10-09,57.7,50.2
2018-10-10,57.7,50.2
2018-10-11,57.7,50.2
2018-10-12,57.7,50.2
2018-10-13,57.7,50.2
2018-10-14,57.7,50.2
2018-10-15,57.7,50.2
2018-10-16,57.7,50.2
2018-10-17,57.7,50.2
2018-10-18,57.7,50.2
2018-10-19,57.7,50.2
2018-10-20,57.7,50.2
2018-10-21,57.7,50.2
2018-10-22,57.7,50.2
2018-10-23,57.7,50.2
2018-10-24,57.7,50.2
2018-10-25,57.7,50.2
2018-10-26,57.7,50.2
2018-10-27,57.7,50.2
2018-10-28,57.7,50.2
2018-10-29,57.7,50.2
2018-10-30,57.7,50.2
2018-10-31,57.7,50.2
2018-11-01,59.3,50.0
2018-11-02,59.3,50.0
2018-11-03,59.3,50.0
2018-11-04,59.3,50.0
2018-11-05,59.3,50.0
2018-11-06,59.3,50.0
2018-11-07,59.3,50.0
2018-11-08,59.3,50.0
2018-11-09,59.3,50.0
2018-11-10,59.3,50.0
2018-11-11,59.3,50.0
2018-11-12,59.3,50.0
2018-11-13,59.3,50.0
2018-11-14,59.3,50.0
2018-11-15,59.3,50.0
2018-11-16,59.3,50.0
2018-11-17,59.3,50.0
2018-11-18,59.3,50.0
2018-11-19,59.3,50.0
2018-11-20,59.3,50.0
2018-11-21,59.3,50.0
2018-11-22,59.3,50.0
2018-11-23,59.3,50.0
2018-11-24,59.3,50.0
2018-11-25,59.3,50.0
2018-11-26,59.3,50.0
2018-11-27,59.3,50.0
2018-11-28,59.3,50.0
2018-11-29,59.3,50.0
2018-11-30,59.3,50.0
2018-12-01,54.1,49.4
2018-12-02,54.1,49.4
2018-12-03,54.1,49.4
2018-12-04,54.1,49.4
2018-12-05,54.1,49.4
2018-12-06,54.1,49.4
2018-12-07,54.1,49.4
2018-12-08,54.1,49.4
2018-12-09,54.1,49.4
2018-12-10,54.1,49.4
2018-12-11,54.1,49.4
2018-12-12,54.1,49.4
2018-12-13,54.1,49.4
2018-12-14,54.1,49.4
2018-12-15,54.1,49.4
2018-12-16,54.1,49.4
2018-12-17,54.1,49.4
2018-12-18,54.1,49.4
2018-12-19,54.1,49.4
2018-12-20,54.1,49.4
2018-12-21,54.1,49.4
2018-12-22,54.1,49.4
2018-12-23,54.1,49.4
2018-12-24,54.1,49.4
2018-12-25,54.1,49.4
2018-12-26,54.1,49.4
2018-12-27,54.1,49.4
2018-12-28,54.1,49.4
2018-12-29,54.1,49.4
2018-12-30,54.1,49.4
2018-12-31,54.1,49.4
2019-01-01,56.6,49.5
2019-01-02,56.6,49.5
2019-01-03,56.6,49.5
2019-01-04,56.6,49.5
2019-01-05,56.6,49.5
2019-01-06,56.6,49.5
2019-01-07,56.6,49.5
2019-01-08,56.6,49.5
2019-01-09,56.6,49.5
2019-01-10,56.6,49.5
2019-01-11,56.6,49.5
2019-01-12,56.6,49.5
2019-01-13,56.6,49.5
2019-01-14,56.6,49.5
2019-01-15,56.6,49.5
2019-01-16,56.6,49.5
2019-01-17,56.6,49.5
2019-01-18,56.6,49.5
2019-01-19,56.6,49.5
2019-01-20,56.6,49.5
2019-01-21,56.6,49.5
2019-01-22,56.6,49.5
2019-01-23,56.6,49.5
2019-01-24,56.6,49.5
2019-01-25,56.6,49.5
2019-01-26,56.6,49.5
2019-01-27,56.6,49.5
2019-01-28,56.6,49.5
2019-01-29,56.6,49.5
2019-01-30,56.6,49.5
2019-01-31,56.6,49.5
2019-02-01,54.2,49.2
2019-02-02,54.2,49.2
2019-02-03,54.2,49.2
2019-02-04,54.2,49.2
2019-02-05,54.2,49.2
2019-02-06,54.2,49.2
2019-02-07,54.2,49.2
2019-02-08,54.2,49.2
2019-02-09,54.2,49.2
2019-02-10,54.2,49.2
2019-02-11,54.2,49.2
2019-02-12,54.2,49.2
2019-02-13,54.2,49.2
2019-02-14,54.2,49.2
2019-02-15,54.2,49.2
2019-02-16,54.2,49.2
2019-02-17,54.2,49.2
2019-02-18,54.2,49.2
2019-02-19,54.2,49.2
2019-02-20,54.2,49.2
2019-02-21,54.2,49.2
2019-02-22,54.2,49.2
2019-02-23,54.2,49.2
2019-02-24,54.2,49.2
2019-02-25,54.2,49.2
2019-02-26,54.2,49.2
2019-02-27,54.2,49.2
2019-02-28,54.2,49.2
2019-03-01,55.3,50.5
2019-03-02,55.3,50.5
2019-03-03,55.3,50.5
2019-03-04,55.3,50.5
2019-03-05,55.3,50.5
2019-03-06,55.3,50.5
2019-03-07,55.3,50.5
2019-03-08,55.3,50.5
2019-03-09,55.3,50.5
2019-03-10,55.3,50.5
2019-03-11,55.3,50.5
2019-03-12,55.3,50.5
2019-03-13,55.3,50.5
2019-03-14,55.3,50.5
2019-03-15,55.3,50.5
2019-03-16,55.3,50.5
2019-03-17,55.3,50.5
2019-03-18,55.3,50.5
2019-03-19,55.3,50.5
2019-03-20,55.3,50.5
2019-03-21,55.3,50.5
2019-03-22,55.3,50.5
2019-03-23,55.3,50.5
2019-03-24,55.3,50.5
2019-03-25,55.3,50.5
2019-03-26,55.3,50.5
2019-03-27,55.3,50.5
2019-03-28,55.3,50.5
2019-03-29,55.3,50.5
2019-03-30,55.3,50.5
2019-03-31,55.3,50.5
2019-04-01,52.8,50.1
2019-04-02,52.8,50.1
2019-04-03,52.8,50.1
2019-04-04,52.8,50.1
2019-04-05,52.8,50.1
2019-04-06,52.8,50.1
2019-04-07,52.8,50.1
2019-04-08,52.8,50.1
2019-04-09,52.8,50.1
2019-04-10,52.8,50.1
2019-04-11,52.8,50.1
2019-04-12,52.8,50.1
2019-04-13,52.8,50.1
2019-04-14,52.8,50.1
2019-04-15,52.8,50.1
2019-04-16,52.8,50.1
2019-04-17,52.8,50.1
2019-04-18,52.8,50.1
2019-04-19,52.8,50.1
2019-04-20,52.8,50.1
2019-04-21,52.8,50.1
2019-04-22,52.8,50.1
2019-04-23,52.8,50.1
2019-04-24,52.8,50.1
2019-04-25,52.8,50.1
2019-04-26,52.8,50.1
2019-04-27,52.8,50.1
2019-04-28,52.8,50.1
2019-04-29,52.8,50.1
2019-04-30,52.8,50.1
2019-05-01,52.1,49.4
2019-05-02,52.1,49.4
2019-05-03,52.1,49.4
2019-05-04,52.1,49.4
2019-05-05,52.1,49.4
2019-05-06,52.1,49.4
2019-05-07,52.1,49.4
2019-05-08,52.1,49.4
2019-05-09,52.1,49.4
2019-05-10,52.1,49.4
2019-05-11,52.1,49.4
2019-05-12,52.1,49.4
2019-05-13,52.1,49.4
2019-05-14,52.1,49.4
2019-05-15,52.1,49.4
2019-05-16,52.1,49.4
2019-05-17,52.1,49.4
2019-05-18,52.1,49.4
2019-05-19,52.1,49.4
2019-05-20,52.1,49.4
2019-05-21,52.1,49.4
2019-05-22,52.1,49.4
2019-05-23,52.1,49.4
2019-05-24,52.1,49.4
2019-05-25,52.1,49.4
2019-05-26,52.1,49.4
2019-05-27,52.1,49.4
2019-05-28,52.1,49.4
2019-05-29,52.1,49.4
2019-05-30,52.1,49.4
2019-05-31,52.1,49.4
2019-06-01,51.7,49.4
2019-06-02,51.7,49.4
2019-06-03,51.7,49.4
2019-06-04,51.7,49.4
2019-06-05,51.7,49.4
2019-06-06,51.7,49.4
2019-06-07,51.7,49.4
2019-06-08,51.7,49.4
2019-06-09,51.7,49.4
2019-06-10,51.7,49.4
2019-06-11,51.7,49.4
2019-06-12,51.7,49.4
2019-06-13,51.7,49.4
2019-06-14,51.7,49.4
2019-06-15,51.7,49.4
2019-06-16,51.7,49.4
2019-06-17,51.7,49.4
2019-06-18,51.7,49.4
2019-06-19,51.7,49.4
2019-06-20,51.7,49.4
2019-06-21,51.7,49.4
2019-06-22,51.7,49.4
2019-06-23,51.7,49.4
2019-06-24,51.7,49.4
2019-06-25,51.7,49.4
2019-06-26,51.7,49.4
2019-06-27,51.7,49.4
2019-06-28,51.7,49.4
2019-06-29,51.7,49.4
2019-06-30,51.7,49.4
2019-07-01,51.2,49.7
2019-07-02,51.2,49.7
2019-07-03,51.2,49.7
2019-07-04,51.2,49.7
2019-07-05,51.2,49.7
2019-07-06,51.2,49.7
2019-07-07,51.2,49.7
2019-07-08,51.2,49.7
2019-07-09,51.2,49.7
2019-07-10,51.2,49.7
2019-07-11,51.2,49.7
2019-07-12,51.2,49.7
2019-07-13,51.2,49.7
2019-07-14,51.2,49.7
2019-07-15,51.2,49.7
2019-07-16,51.2,49.7
2019-07-17,51.2,49.7
2019-07-18,51.2,49.7
2019-07-19,51.2,49.7
2019-07-20,51.2,49.7
2019-07-21,51.2,49.7
2019-07-22,51.2,49.7
2019-07-23,51.2,49.7
2019-07-24,51.2,49.7
2019-07-25,51.2,49.7
2019-07-26,51.2,49.7
2019-07-27,51.2,49.7
2019-07-28,51.2,49.7
2019-07-29,51.2,49.7
2019-07-30,51.2,49.7
2019-07-31,51.2,49.7
2019-08-01,49.1,49.5
2019-08-02,49.1,49.5
2019-08-03,49.1,49.5
2019-08-04,49.1,49.5
2019-08-05,49.1,49.5
2019-08-06,49.1,49.5
2019-08-07,49.1,49.5
2019-08-08,49.1,49.5
2019-08-09,49.1,49.5
2019-08-10,49.1,49.5
2019-08-11,49.1,49.5
2019-08-12,49.1,49.5
2019-08-13,49.1,49.5
2019-08-14,49.1,49.5
2019-08-15,49.1,49.5
2019-08-16,49.1,49.5
2019-08-17,49.1,49.5
2019-08-18,49.1,49.5
2019-08-19,49.1,49.5
2019-08-20,49.1,49.5
2019-08-21,49.1,49.5
2019-08-22,49.1,49.5
2019-08-23,49.1,49.5
2019-08-24,49.1,49.5
2019-08-25,49.1,49.5
2019-08-26,49.1,49.5
2019-08-27,49.1,49.5
2019-08-28,49.1,49.5
2019-08-29,49.1,49.5
2019-08-30,49.1,49.5
2019-08-31,49.1,49.5
2019-09-01,47.8,49.8
2019-09-02,47.8,49.8
2019-09-03,47.8,49.8
2019-09-04,47.8,49.8
2019-09-05,47.8,49.8
2019-09-06,47.8,49.8
2019-09-07,47.8,49.8
2019-09-08,47.8,49.8
2019-09-09,47.8,49.8
2019-09-10,47.8,49.8
2019-09-11,47.8,49.8
2019-09-12,47.8,49.8
2019-09-13,47.8,49.8
2019-09-14,47.8,49.8
2019-09-15,47.8,49.8
2019-09-16,47.8,49.8
2019-09-17,47.8,49.8
2019-09-18,47.8,49.8
2019-09-19,47.8,49.8
2019-09-20,47.8,49.8
2019-09-21,47.8,49.8
2019-09-22,47.8,49.8
2019-09-23,47.8,49.8
2019-09-24,47.8,49.8
2019-09-25,47.8,49.8
2019-09-26,47.8,49.8
2019-09-27,47.8,49.8
2019-09-28,47.8,49.8
2019-09-29,47.8,49.8
2019-09-30,47.8,49.8
2019-10-01,48.3,49.3
2019-10-02,48.3,49.3
2019-10-03,48.3,49.3
2019-10-04,48.3,49.3
2019-10-05,48.3,49.3
2019-10-06,48.3,49.3
2019-10-07,48.3,49.3
2019-10-08,48.3,49.3
2019-10-09,48.3,49.3
2019-10-10,48.3,49.3
2019-10-11,48.3,49.3
2019-10-12,48.3,49.3
2019-10-13,48.3,49.3
2019-10-14,48.3,49.3
2019-10-15,48.3,49.3
2019-10-16,48.3,49.3
2019-10-17,48.3,49.3
2019-10-18,48.3,49.3
2019-10-19,48.3,49.3
2019-10-20,48.3,49.3
2019-10-21,48.3,49.3
2019-10-22,48.3,49.3
2019-10-23,48.3,49.3
2019-10-24,48.3,49.3
2019-10-25,48.3,49.3
2019-10-26,48.3,49.3
2019-10-27,48.3,49.3
2019-10-28,48.3,49.3
2019-10-29,48.3,49.3
2019-10-30,48.3,49.3
2019-10-31,48.3,49.3
2019-11-01,48.1,50.2
2019-11-02,48.1,50.2
2019-11-03,48.1,50.2
2019-11-04,48.1,50.2
2019-11-05,48.1,50.2
2019-11-06,48.1,50.2
2019-11-07,48.1,50.2
2019-11-08,48.1,50.2
2019-11-09,48.1,50.2
2019-11-10,48.1,50.2
2019-11-11,48.1,50.2
2019-11-12,48.1,50.2
2019-11-13,48.1,50.2
2019-11-14,48.1,50.2
2019-11-15,48.1,50.2
2019-11-16,48.1,50.2
2019-11-17,48.1,50.2
2019-11-18,48.1,50.2
2019-11-19,48.1,50.2
2019-11-20,48.1,50.2
2019-11-21,48.1,50.2
2019-11-22,48.1,50.2
2019-11-23,48.1,50.2
2019-11-24,48.1,50.2
2019-11-25,48.1,50.2
2019-11-26,48.1,50.2
2019-11-27,48.1,50.2
2019-11-28,48.1,50.2
2019-11-29,48.1,50.2
2019-11-30,48.1,50.2
2019-12-01,47.2,50.2
2019-12-02,47.2,50.2
2019-12-03,47.2,50.2
2019-12-04,47.2,50.2
2019-12-05,47.2,50.2
2019-12-06,47.2,50.2
2019-12-07,47.2,50.2
2019-12-08,47.2,50.2
2019-12-09,47.2,50.2
2019-12-10,47.2,50.2
2019-12-11,47.2,50.2
2019-12-12,47.2,50.2
2019-12-13,47.2,50.2
2019-12-14,47.2,50.2
2019-12-15,47.2,50.2
2019-12-16,47.2,50.2
2019-12-17,47.2,50.2
2019-12-18,47.2,50.2
2019-12-19,47.2,50.2
2019-12-20,47.2,50.2
2019-12-21,47.2,50.2
2019-12-22,47.2,50.2
2019-12-23,47.2,50.2
2019-12-24,47.2,50.2
2019-12-25,47.2,50.2
2019-12-26,47.2,50.2
2019-12-27,47.2,50.2
2019-12-28,47.2,50.2
2019-12-29,47.2,50.2
2019-12-30,47.2,50.2
2019-12-31,47.2,50.2
2020-01-01,50.9,50.0
2020-01-02,50.9,50.0
2020-01-03,50.9,50.0
2020-01-04,50.9,50.0
2020-01-05,50.9,50.0
2020-01-06,50.9,50.0
2020-01-07,50.9,50.0
2020-01-08,50.9,50.0
2020-01-09,50.9,50.0
2020-01-10,50.9,50.0
2020-01-11,50.9,50.0
2020-01-12,50.9,50.0
2020-01-13,50.9,50.0
2020-01-14,50.9,50.0
2020-01-15,50.9,50.0
2020-01-16,50.9,50.0
2020-01-17,50.9,50.0
2020-01-18,50.9,50.0
2020-01-19,50.9,50.0
2020-01-20,50.9,50.0
2020-01-21,50.9,50.0
2020-01-22,50.9,50.0
2020-01-23,50.9,50.0
2020-01-24,50.9,50.0
2020-01-25,50.9,50.0
2020-01-26,50.9,50.0
2020-01-27,50.9,50.0
2020-01-28,50.9,50.0
2020-01-29,50.9,50.0
2020-01-30,50.9,50.0
2020-01-31,50.9,50.0
2020-02-01,50.1,35.7
2020-02-02,50.1,35.7
2020-02-03,50.1,35.7
2020-02-04,50.1,35.7
2020-02-05,50.1,35.7
2020-02-06,50.1,35.7
2020-02-07,50.1,35.7
2020-02-08,50.1,35.7
2020-02-09,50.1,35.7
2020-02-10,50.1,35.7
2020-02-11,50.1,35.7
2020-02-12,50.1,35.7
2020-02-13,50.1,35.7
2020-02-14,50.1,35.7
2020-02-15,50.1,35.7
2020-02-16,50.1,35.7
2020-02-17,50.1,35.7
2020-02-18,50.1,35.7
2020-02-19,50.1,35.7
2020-02-20,50.1,35.7
2020-02-21,50.1,35.7
2020-02-22,50.1,35.7
2020-02-23,50.1,35.7
2020-02-24,50.1,35.7
2020-02-25,50.1,35.7
2020-02-26,50.1,35.7
2020-02-27,50.1,35.7
2020-02-28,50.1,35.7
2020-02-29,50.1,35.7
2020-03-01,49.1,52.0
2020-03-02,49.1,52.0
2020-03-03,49.1,52.0
2020-03-04,49.1,52.0
2020-03-05,49.1,52.0
2020-03-06,49.1,52.0
2020-03-07,49.1,52.0
2020-03-08,49.1,52.0
2020-03-09,49.1,52.0
2020-03-10,49.1,52.0
2020-03-11,49.1,52.0
2020-03-12,49.1,52.0
2020-03-13,49.1,52.0
2020-03-14,49.1,52.0
2020-03-15,49.1,52.0
2020-03-16,49.1,52.0
2020-03-17,49.1,52.0
2020-03-18,49.1,52.0
2020-03-19,49.1,52.0
2020-03-20,49.1,52.0
2020-03-21,49.1,52.0
2020-03-22,49.1,52.0
2020-03-23,49.1,52.0
2020-03-24,49.1,52.0
2020-03-25,49.1,52.0
2020-03-26,49.1,52.0
2020-03-27,49.1,52.0
2020-03-28,49.1,52.0
2020-03-29,49.1,52.0
2020-03-30,49.1,52.0
2020-03-31,49.1,52.0
2020-04-01,41.5,50.8
2020-04-02,41.5,50.8
2020-04-03,41.5,50.8
2020-04-04,41.5,50.8
2020-04-05,41.5,50.8
2020-04-06,41.5,50.8
2020-04-07,41.5,50.8
2020-04-08,41.5,50.8
2020-04-09,41.5,50.8
2020-04-10,41.5,50.8
2020-04-11,41.5,50.8
2020-04-12,41.5,50.8
2020-04-13,41.5,50.8
2020-04-14,41.5,50.8
2020-04-15,41.5,50.8
2020-04-16,41.5,50.8
2020-04-17,41.5,50.8
2020-04-18,41.5,50.8
2020-04-19,41.5,50.8
2020-04-20,41.5,50.8
2020-04-21,41.5,50.8
2020-04-22,41.5,50.8
2020-04-23,41.5,50.8
2020-04-24,41.5,50.8
2020-04-25,41.5,50.8
2020-04-26,41.5,50.8
2020-04-27,41.5,50.8
2020-04-28,41.5,50.8
2020-04-29,41.5,50.8
2020-04-30,41.5,50.8
2020-05-01,43.1,50.6
2020-05-02,43.1,50.6
2020-05-03,43.1,50.6
2020-05-04,43.1,50.6
2020-05-05,43.1,50.6
2020-05-06,43.1,50.6
2020-05-07,43.1,50.6
2020-05-08,43.1,50.6
2020-05-09,43.1,50.6
2020-05-10,43.1,50.6
2020-05-11,43.1,50.6
2020-05-12,43.1,50.6
2020-05-13,43.1,50.6
2020-05-14,43.1,50.6
2020-05-15,43.1,50.6
2020-05-16,43.1,50.6
2020-05-17,43.1,50.6
2020-05-18,43.1,50.6
2020-05-19,43.1,50.6
2020-05-20,43.1,50.6
2020-05-21,43.1,50.6
2020-05-22,43.1,50.6
2020-05-23,43.1,50.6
2020-05-24,43.1,50.6
2020-05-25,43.1,50.6
2020-05-26,43.1,50.6
2020-05-27,43.1,50.6
2020-05-28,43.1,50.6
2020-05-29,43.1,50.6
2020-05-30,43.1,50.6
2020-05-31,43.1,50.6
2020-06-01,52.6,50.9
2020-06-02,52.6,50.9
2020-06-03,52.6,50.9
2020-06-04,52.6,50.9
2020-06-05,52.6,50.9
2020-06-06,52.6,50.9
2020-06-07,52.6,50.9
2020-06-08,52.6,50.9
2020-06-09,52.6,50.9
2020-06-10,52.6,50.9
2020-06-11,52.6,50.9
2020-06-12,52.6,50.9
2020-06-13,52.6,50.9
2020-06-14,52.6,50.9
2020-06-15,52.6,50.9
2020-06-16,52.6,50.9
2020-06-17,52.6,50.9
2020-06-18,52.6,50.9
2020-06-19,52.6,50.9
2020-06-20,52.6,50.9
2020-06-21,52.6,50.9
2020-06-22,52.6,50.9
2020-06-23,52.6,50.9
2020-06-24,52.6,50.9
2020-06-25,52.6,50.9
2020-06-26,52.6,50.9
2020-06-27,52.6,50.9
2020-06-28,52.6,50.9
2020-06-29,52.6,50.9
2020-06-30,52.6,50.9
2020-07-01,54.2,51.1
2020-07-02,54.2,51.1
2020-07-03,54.2,51.1
2020-07-04,54.2,51.1
2020-07-05,54.2,51.1
2020-07-06,54.2,51.1
2020-07-07,54.2,51.1
2020-07-08,54.2,51.1
2020-07-09,54.2,51.1
2020-07-10,54.2,51.1
2020-07-11,54.2,51.1
2020-07-12,54.2,51.1
2020-07-13,54.2,51.1
2020-07-14,54.2,51.1
2020-07-15,54.2,51.1
2020-07-16,54.2,51.1
2020-07-17,54.2,51.1
2020-07-18,54.2,51.1
2020-07-19,54.2,51.1
2020-07-20,54.2,51.1
2020-07-21,54.2,51.1
2020-07-22,54.2,51.1
2020-07-23,54.2,51.1
2020-07-24,54.2,51.1
2020-07-25,54.2,51.1
2020-07-26,54.2,51.1
2020-07-27,54.2,51.1
2020-07-28,54.2,51.1
2020-07-29,54.2,51.1
2020-07-30,54.2,51.1
2020-07-31,54.2,51.1
2020-08-01,56.0,51.0
2020-08-02,56.0,51.0
2020-08-03,56.0,51.0
2020-08-04,56.0,51.0
2020-08-05,56.0,51.0
2020-08-06,56.0,51.0
2020-08-07,56.0,51.0
2020-08-08,56.0,51.0
2020-08-09,56.0,51.0
2020-08-10,56.0,51.0
2020-08-11,56.0,51.0
2020-08-12,56.0,51.0
2020-08-13,56.0,51.0
2020-08-14,56.0,51.0
2020-08-15,56.0,51.0
2020-08-16,56.0,51.0
2020-08-17,56.0,51.0
2020-08-18,56.0,51.0
2020-08-19,56.0,51.0
2020-08-20,56.0,51.0
2020-08-21,56.0,51.0
2020-08-22,56.0,51.0
2020-08-23,56.0,51.0
2020-08-24,56.0,51.0
2020-08-25,56.0,51.0
2020-08-26,56.0,51.0
2020-08-27,56.0,51.0
2020-08-28,56.0,51.0
2020-08-29,56.0,51.0
2020-08-30,56.0,51.0
2020-08-31,56.0,51.0
2020-09-01,55.4,51.5
2020-09-02,55.4,51.5
2020-09-03,55.4,51.5
2020-09-04,55.4,51.5
2020-09-05,55.4,51.5
2020-09-06,55.4,51.5
2020-09-07,55.4,51.5
2020-09-08,55.4,51.5
2020-09-09,55.4,51.5
2020-09-10,55.4,51.5
2020-09-11,55.4,51.5
2020-09-12,55.4,51.5
2020-09-13,55.4,51.5
2020-09-14,55.4,51.5
2020-09-15,55.4,51.5
2020-09-16,55.4,51.5
2020-09-17,55.4,51.5
2020-09-18,55.4,51.5
2020-09-19,55.4,51.5
2020-09-20,55.4,51.5
2020-09-21,55.4,51.5
2020-09-22,55.4,51.5
2020-09-23,55.4,51.5
2020-09-24,55.4,51.5
2020-09-25,55.4,51.5
2020-09-26,55.4,51.5
2020-09-27,55.4,51.5
2020-09-28,55.4,51.5
2020-09-29,55.4,51.5
2020-09-30,55.4,51.5
2020-10-01,59.3,51.4
2020-10-02,59.3,51.4
2020-10-03,59.3,51.4
2020-10-04,59.3,51.4
2020-10-05,59.3,51.4
2020-10-06,59.3,51.4
2020-10-07,59.3,51.4
2020-10-08,59.3,51.4
2020-10-09,59.3,51.4
2020-10-10,59.3,51.4
2020-10-11,59.3,51.4
2020-10-12,59.3,51.4
2020-10-13,59.3,51.4
2020-10-14,59.3,51.4
2020-10-15,59.3,51.4
2020-10-16,59.3,51.4
2020-10-17,59.3,51.4
2020-10-18,59.3,51.4
2020-10-19,59.3,51.4
2020-10-20,59.3,51.4
2020-10-21,59.3,51.4
2020-10-22,59.3,51.4
2020-10-23,59.3,51.4
2020-10-24,59.3,51.4
2020-10-25,59.3,51.4
2020-10-26,59.3,51.4
2020-10-27,59.3,51.4
2020-10-28,59.3,51.4
2020-10-29,59.3,51.4
2020-10-30,59.3,51.4
2020-10-31,59.3,51.4
2020-11-01,57.5,52.1
2020-11-02,57.5,52.1
2020-11-03,57.5,52.1
2020-11-04,57.5,52.1
2020-11-05,57.5,52.1
2020-11-06,57.5,52.1
2020-11-07,57.5,52.1
2020-11-08,57.5,52.1
2020-11-09,57.5,52.1
2020-11-10,57.5,52.1
2020-11-11,57.5,52.1
2020-11-12,57.5,52.1
2020-11-13,57.5,52.1
2020-11-14,57.5,52.1
2020-11-15,57.5,52.1
2020-11-16,57.5,52.1
2020-11-17,57.5,52.1
2020-11-18,57.5,52.1
2020-11-19,57.5,52.1
2020-11-20,57.5,52.1
2020-11-21,57.5,52.1
2020-11-22,57.5,52.1
2020-11-23,57.5,52.1
2020-11-24,57.5,52.1
2020-11-25,57.5,52.1
2020-11-26,57.5,52.1
2020-11-27,57.5,52.1
2020-11-28,57.5,52.1
2020-11-29,57.5,52.1
2020-11-30,57.5,52.1
2020-12-01,60.7,51.9
2020-12-02,60.7,51.9
2020-12-03,60.7,51.9
2020-12-04,60.7,51.9
2020-12-05,60.7,51.9
2020-12-06,60.7,51.9
2020-12-07,60.7,51.9
2020-12-08,60.7,51.9
2020-12-09,60.7,51.9
2020-12-10,60.7,51.9
2020-12-11,60.7,51.9
2020-12-12,60.7,51.9
2020-12-13,60.7,51.9
2020-12-14,60.7,51.9
2020-12-15,60.7,51.9
2020-12-16,60.7,51.9
2020-12-17,60.7,51.9
2020-12-18,60.7,51.9
2020-12-19,60.7,51.9
2020-12-20,60.7,51.9
2020-12-21,60.7,51.9
2020-12-22,60.7,51.9
2020-12-23,60.7,51.9
2020-12-24,60.7,51.9
2020-12-25,60.7,51.9
2020-12-26,60.7,51.9
2020-12-27,60.7,51.9
2020-12-28,60.7,51.9
2020-12-29,60.7,51.9
2020-12-30,60.7,51.9
2020-12-31,60.7,51.9
2021-01-01,58.7,51.3
2021-01-02,58.7,51.3
2021-01-03,58.7,51.3
2021-01-04,58.7,51.3
2021-01-05,58.7,51.3
2021-01-06,58.7,51.3
2021-01-07,58.7,51.3
2021-01-08,58.7,51.3
2021-01-09,58.7,51.3
2021-01-10,58.7,51.3
2021-01-11,58.7,51.3
2021-01-12,58.7,51.3
2021-01-13,58.7,51.3
2021-01-14,58.7,51.3
2021-01-15,58.7,51.3
2021-01-16,58.7,51.3
2021-01-17,58.7,51.3
2021-01-18,58.7,51.3
2021-01-19,58.7,51.3
2021-01-20,58.7,51.3
2021-01-21,58.7,51.3
2021-01-22,58.7,51.3
2021-01-23,58.7,51.3
2021-01-24,58.7,51.3
2021-01-25,58.7,51.3
2021-01-26,58.7,51.3
2021-01-27,58.7,51.3
2021-01-28,58.7,51.3
2021-01-29,58.7,51.3
2021-01-30,58.7,51.3
2021-01-31,58.7,51.3
2021-02-01,60.8,50.6
2021-02-02,60.8,50.6
2021-02-03,60.8,50.6
2021-02-04,60.8,50.6
2021-02-05,60.8,50.6
2021-02-06,60.8,50.6
2021-02-07,60.8,50.6
2021-02-08,60.8,50.6
2021-02-09,60.8,50.6
2021-02-10,60.8,50.6
2021-02-11,60.8,50.6
2021-02-12,60.8,50.6
2021-02-13,60.8,50.6
2021-02-14,60.8,50.6
2021-02-15,60.8,50.6
2021-02-16,60.8,50.6
2021-02-17,60.8,50.6
2021-02-18,60.8,50.6
2021-02-19,60.8,50.6
2021-02-20,60.8,50.6
2021-02-21,60.8,50.6
2021-02-22,60.8,50.6
2021-02-23,60.8,50.6
2021-02-24,60.8,50.6
2021-02-25,60.8,50.6
2021-02-26,60.8,50.6
2021-02-27,60.8,50.6
2021-02-28,60.8,50.6
2021-03-01,64.7,51.9
2021-03-02,64.7,51.9
2021-03-03,64.7,51.9
2021-03-04,64.7,51.9
2021-03-05,64.7,51.9
2021-03-06,64.7,51.9
2021-03-07,64.7,51.9
2021-03-08,64.7,51.9
2021-03-09,64.7,51.9
2021-03-10,64.7,51.9
2021-03-11,64.7,51.9
2021-03-12,64.7,51.9
2021-03-13,64.7,51.9
2021-03-14,64.7,51.9
2021-03-15,64.7,51.9
2021-03-16,64.7,51.9
2021-03-17,64.7,51.9
2021-03-18,64.7,51.9
2021-03-19,64.7,51.9
2021-03-20,64.7,51.9
2021-03-21,64.7,51.9
2021-03-22,64.7,51.9
2021-03-23,64.7,51.9
2021-03-24,64.7,51.9
2021-03-25,64.7,51.9
2021-03-26,64.7,51.9
2021-03-27,64.7,51.9
2021-03-28,64.7,51.9
2021-03-29,64.7,51.9
2021-03-30,64.7,51.9
2021-03-31,64.7,51.9
2021-04-01,60.7,51.1
2021-04-02,60.7,51.1
2021-04-03,60.7,51.1
2021-04-04,60.7,51.1
2021-04-05,60.7,51.1
2021-04-06,60.7,51.1
2021-04-07,60.7,51.1
2021-04-08,60.7,51.1
2021-04-09,60.7,51.1
2021-04-10,60.7,51.1
2021-04-11,60.7,51.1
2021-04-12,60.7,51.1
2021-04-13,60.7,51.1
2021-04-14,60.7,51.1
2021-04-15,60.7,51.1
2021-04-16,60.7,51.1
2021-04-17,60.7,51.1
2021-04-18,60.7,51.1
2021-04-19,60.7,51.1
2021-04-20,60.7,51.1
2021-04-21,60.7,51.1
2021-04-22,60.7,51.1
2021-04-23,60.7,51.1
2021-04-24,60.7,51.1
2021-04-25,60.7,51.1
2021-04-26,60.7,51.1
2021-04-27,60.7,51.1
2021-04-28,60.7,51.1
2021-04-29,60.7,51.1
2021-04-30,60.7,51.1
2021-05-01,61.2,51.0
2021-05-02,61.2,51.0
2021-05-03,61.2,51.0
2021-05-04,61.2,51.0
2021-05-05,61.2,51.0
2021-05-06,61.2,51.0
2021-05-07,61.2,51.0
2021-05-08,61.2,51.0
2021-05-09,61.2,51.0
2021-05-10,61.2,51.0
2021-05-11,61.2,51.0
2021-05-12,61.2,51.0
2021-05-13,61.2,51.0
2021-05-14,61.2,51.0
2021-05-15,61.2,51.0
2021-05-16,61.2,51.0
2021-05-17,61.2,51.0
2021-05-18,61.2,51.0
2021-05-19,61.2,51.0
2021-05-20,61.2,51.0
2021-05-21,61.2,51.0
2021-05-22,61.2,51.0
2021-05-23,61.2,51.0
2021-05-24,61.2,51.0
2021-05-25,61.2,51.0
2021-05-26,61.2,51.0
2021-05-27,61.2,51.0
2021-05-28,61.2,51.0
2021-05-29,61.2,51.0
2021-05-30,61.2,51.0
2021-05-31,61.2,51.0
2021-06-01,60.6,50.9
2021-06-02,60.6,50.9
2021-06-03,60.6,50.9
2021-06-04,60.6,50.9
2021-06-05,60.6,50.9
2021-06-06,60.6,50.9
2021-06-07,60.6,50.9
2021-06-08,60.6,50.9
2021-06-09,60.6,50.9
2021-06-10,60.6,50.9
2021-06-11,60.6,50.9
2021-06-12,60.6,50.9
2021-06-13,60.6,50.9
2021-06-14,60.6,50.9
2021-06-15,60.6,50.9
2021-06-16,60.6,50.9
2021-06-17,60.6,50.9
2021-06-18,60.6,50.9
2021-06-19,60.6,50.9
2021-06-20,60.6,50.9
2021-06-21,60.6,50.9
2021-06-22,60.6,50.9
2021-06-23,60.6,50.9
2021-06-24,60.6,50.9
2021-06-25,60.6,50.9
2021-06-26,60.6,50.9
2021-06-27,60.6,50.9
2021-06-28,60.6,50.9
2021-06-29,60.6,50.9
2021-06-30,60.6,50.9
2021-07-01,59.5,50.4
2021-07-02,59.5,50.4
2021-07-03,59.5,50.4
2021-07-04,59.5,50.4
2021-07-05,59.5,50.4
2021-07-06,59.5,50.4
2021-07-07,59.5,50.4
2021-07-08,59.5,50.4
2021-07-09,59.5,50.4
2021-07-10,59.5,50.4
2021-07-11,59.5,50.4
2021-07-12,59.5,50.4
2021-07-13,59.5,50.4
2021-07-14,59.5,50.4
2021-07-15,59.5,50.4
2021-07-16,59.5,50.4
2021-07-17,59.5,50.4
2021-07-18,59.5,50.4
2021-07-19,59.5,50.4
2021-07-20,59.5,50.4
2021-07-21,59.5,50.4
2021-07-22,59.5,50.4
2021-07-23,59.5,50.4
2021-07-24,59.5,50.4
2021-07-25,59.5,50.4
2021-07-26,59.5,50.4
2021-07-27,59.5,50.4
2021-07-28,59.5,50.4
2021-07-29,59.5,50.4
2021-07-30,59.5,50.4
2021-07-31,59.5,50.4
2021-08-01,59.9,50.1
2021-08-02,59.9,50.1
2021-08-03,59.9,50.1
2021-08-04,59.9,50.1
2021-08-05,59.9,50.1
2021-08-06,59.9,50.1
2021-08-07,59.9,50.1
2021-08-08,59.9,50.1
2021-08-09,59.9,50.1
2021-08-10,59.9,50.1
2021-08-11,59.9,50.1
2021-08-12,59.9,50.1
2021-08-13,59.9,50.1
2021-08-14,59.9,50.1
2021-08-15,59.9,50.1
2021-08-16,59.9,50.1
2021-08-17,59.9,50.1
2021-08-18,59.9,50.1
2021-08-19,59.9,50.1
2021-08-20,59.9,50.1
2021-08-21,59.9,50.1
2021-08-22,59.9,50.1
2021-08-23,59.9,50.1
2021-08-24,59.9,50.1
2021-08-25,59.9,50.1
2021-08-26,59.9,50.1
2021-08-27,59.9,50.1
2021-08-28,59.9,50.1
2021-08-29,59.9,50.1
2021-08-30,59.9,50.1
2021-08-31,59.9,50.1
2021-09-01,61.1,49.6
2021-09-02,61.1,49.6
2021-09-03,61.1,49.6
2021-09-04,61.1,49.6
2021-09-05,61.1,49.6
2021-09-06,61.1,49.6
2021-09-07,61.1,49.6
2021-09-08,61.1,49.6
2021-09-09,61.1,49.6
2021-09-10,61.1,49.6
2021-09-11,61.1,49.6
2021-09-12,61.1,49.6
2021-09-13,61.1,49.6
2021-09-14,61.1,49.6
2021-09-15,61.1,49.6
2021-09-16,61.1,49.6
2021-09-17,61.1,49.6
2021-09-18,61.1,49.6
2021-09-19,61.1,49.6
2021-09-20,61.1,49.6
2021-09-21,61.1,49.6
2021-09-22,61.1,49.6
2021-09-23,61.1,49.6
2021-09-24,61.1,49.6
2021-09-25,61.1,49.6
2021-09-26,61.1,49.6
2021-09-27,61.1,49.6
2021-09-28,61.1,49.6
2021-09-29,61.1,49.6
2021-09-30,61.1,49.6
2021-10-01,60.8,49.2
2021-10-02,60.8,49.2
2021-10-03,60.8,49.2
2021-10-04,60.8,49.2
2021-10-05,60.8,49.2
2021-10-06,60.8,49.2
2021-10-07,60.8,49.2
2021-10-08,60.8,49.2
2021-10-09,60.8,49.2
2021-10-10,60.8,49.2
2021-10-11,60.8,49.2
2021-10-12,60.8,49.2
2021-10-13,60.8,49.2
2021-10-14,60.8,49.2
2021-10-15,60.8,49.2
2021-10-16,60.8,49.2
2021-10-17,60.8,49.2
2021-10-18,60.8,49.2
2021-10-19,60.8,49.2
2021-10-20,60.8,49.2
2021-10-21,60.8,49.2
2021-10-22,60.8,49.2
2021-10-23,60.8,49.2
2021-10-24,60.8,49.2
2021-10-25,60.8,49.2
2021-10-26,60.8,49.2
2021-10-27,60.8,49.2
2021-10-28,60.8,49.2
2021-10-29,60.8,49.2
2021-10-30,60.8,49.2
2021-10-31,60.8,49.2
2021-11-01,61.1,50.1
2021-11-02,61.1,50.1
2021-11-03,61.1,50.1
2021-11-04,61.1,50.1
2021-11-05,61.1,50.1
2021-11-06,61.1,50.1
2021-11-07,61.1,50.1
2021-11-08,61.1,50.1
2021-11-09,61.1,50.1
2021-11-10,61.1,50.1
2021-11-11,61.1,50.1
2021-11-12,61.1,50.1
2021-11-13,61.1,50.1
2021-11-14,61.1,50.1
2021-11-15,61.1,50.1
2021-11-16,61.1,50.1
2021-11-17,61.1,50.1
2021-11-18,61.1,50.1
2021-11-19,61.1,50.1
2021-11-20,61.1,50.1
2021-11-21,61.1,50.1
2021-11-22,61.1,50.1
2021-11-23,61.1,50.1
2021-11-24,61.1,50.1
2021-11-25,61.1,50.1
2021-11-26,61.1,50.1
2021-11-27,61.1,50.1
2021-11-28,61.1,50.1
2021-11-29,61.1,50.1
2021-11-30,61.1,50.1
2021-12-01,58.7,50.3
2021-12-02,58.7,50.3
2021-12-03,58.7,50.3
2021-12-04,58.7,50.3
2021-12-05,58.7,50.3
2021-12-06,58.7,50.3
2021-12-07,58.7,50.3
2021-12-08,58.7,50.3
2021-12-09,58.7,50.3
2021-12-10,58.7,50.3
2021-12-11,58.7,50.3
2021-12-12,58.7,50.3
2021-12-13,58.7,50.3
2021-12-14,58.7,50.3
2021-12-15,58.7,50.3
2021-12-16,58.7,50.3
2021-12-17,58.7,50.3
2021-12-18,58.7,50.3
2021-12-19,58.7,50.3
2021-12-20,58.7,50.3
2021-12-21,58.7,50.3
2021-12-22,58.7,50.3
2021-12-23,58.7,50.3
2021-12-24,58.7,50.3
2021-12-25,58.7,50.3
2021-12-26,58.7,50.3
2021-12-27,58.7,50.3
2021-12-28,58.7,50.3
2021-12-29,58.7,50.3
2021-12-30,58.7,50.3
2021-12-31,58.7,50.3
2022-01-01,57.6,50.1
2022-01-02,57.6,50.1
2022-01-03,57.6,50.1
2022-01-04,57.6,50.1
2022-01-05,57.6,50.1
2022-01-06,57.6,50.1
2022-01-07,57.6,50.1
2022-01-08,57.6,50.1
2022-01-09,57.6,50.1
2022-01-10,57.6,50.1
2022-01-11,57.6,50.1
2022-01-12,57.6,50.1
2022-01-13,57.6,50.1
2022-01-14,57.6,50.1
2022-01-15,57.6,50.1
2022-01-16,57.6,50.1
2022-01-17,57.6,50.1
2022-01-18,57.6,50.1
2022-01-19,57.6,50.1
2022-01-20,57.6,50.1
2022-01-21,57.6,50.1
2022-01-22,57.6,50.1
2022-01-23,57.6,50.1
2022-01-24,57.6,50.1
2022-01-25,57.6,50.1
2022-01-26,57.6,50.1
2022-01-27,57.6,50.1
2022-01-28,57.6,50.1
2022-01-29,57.6,50.1
2022-01-30,57.6,50.1
2022-01-31,57.6,50.1
2022-02-01,58.6,50.2
2022-02-02,58.6,50.2
2022-02-03,58.6,50.2
2022-02-04,58.6,50.2
2022-02-05,58.6,50.2
2022-02-06,58.6,50.2
2022-02-07,58.6,50.2
2022-02-08,58.6,50.2
2022-02-09,58.6,50.2
2022-02-10,58.6,50.2
2022-02-11,58.6,50.2
2022-02-12,58.6,50.2
2022-02-13,58.6,50.2
2022-02-14,58.6,50.2
2022-02-15,58.6,50.2
2022-02-16,58.6,50.2
2022-02-17,58.6,50.2
2022-02-18,58.6,50.2
2022-02-19,58.6,50.2
2022-02-20,58.6,50.2
2022-02-21,58.6,50.2
2022-02-22,58.6,50.2
2022-02-23,58.6,50.2
2022-02-24,58.6,50.2
2022-02-25,58.6,50.2
2022-02-26,58.6,50.2
2022-02-27,58.6,50.2
2022-02-28,58.6,50.2
2022-03-01,57.1,49.5
2022-03-02,57.1,49.5
2022-03-03,57.1,49.5
2022-03-04,57.1,49.5
2022-03-05,57.1,49.5
2022-03-06,57.1,49.5
2022-03-07,57.1,49.5
2022-03-08,57.1,49.5
2022-03-09,57.1,49.5
2022-03-10,57.1,49.5
2022-03-11,57.1,49.5
2022-03-12,57.1,49.5
2022-03-13,57.1,49.5
2022-03-14,57.1,49.5
2022-03-15,57.1,49.5
2022-03-16,57.1,49.5
2022-03-17,57.1,49.5
2022-03-18,57.1,49.5
2022-03-19,57.1,49.5
2022-03-20,57.1,49.5
2022-03-21,57.1,49.5
2022-03-22,57.1,49.5
2022-03-23,57.1,49.5
2022-03-24,57.1,49.5
2022-03-25,57.1,49.5
2022-03-26,57.1,49.5
2022-03-27,57.1,49.5
2022-03-28,57.1,49.5
2022-03-29,57.1,49.5
2022-03-30,57.1,49.5
2022-03-31,57.1,49.5
2022-04-01,55.4,47.4
2022-04-02,55.4,47.4
2022-04-03,55.4,47.4
2022-04-04,55.4,47.4
2022-04-05,55.4,47.4
2022-04-06,55.4,47.4
2022-04-07,55.4,47.4
2022-04-08,55.4,47.4
2022-04-09,55.4,47.4
2022-04-10,55.4,47.4
2022-04-11,55.4,47.4
2022-04-12,55.4,47.4
2022-04-13,55.4,47.4
2022-04-14,55.4,47.4
2022-04-15,55.4,47.4
2022-04-16,55.4,47.4
2022-04-17,55.4,47.4
2022-04-18,55.4,47.4
2022-04-19,55.4,47.4
2022-04-20,55.4,47.4
2022-04-21,55.4,47.4
2022-04-22,55.4,47.4
2022-04-23,55.4,47.4
2022-04-24,55.4,47.4
2022-04-25,55.4,47.4
2022-04-26,55.4,47.4
2022-04-27,55.4,47.4
2022-04-28,55.4,47.4
2022-04-29,55.4,47.4
2022-04-30,55.4,47.4
2022-05-01,56.1,49.6
2022-05-02,56.1,49.6
2022-05-03,56.1,49.6
2022-05-04,56.1,49.6
2022-05-05,56.1,49.6
2022-05-06,56.1,49.6
2022-05-07,56.1,49.6
2022-05-08,56.1,49.6
2022-05-09,56.1,49.6
2022-05-10,56.1,49.6
2022-05-11,56.1,49.6
2022-05-12,56.1,49.6
2022-05-13,56.1,49.6
2022-05-14,56.1,49.6
2022-05-15,56.1,49.6
2022-05-16,56.1,49.6
2022-05-17,56.1,49.6
2022-05-18,56.1,49.6
2022-05-19,56.1,49.6
2022-05-20,56.1,49.6
2022-05-21,56.1,49.6
2022-05-22,56.1,49.6
2022-05-23,56.1,49.6
2022-05-24,56.1,49.6
2022-05-25,56.1,49.6
2022-05-26,56.1,49.6
2022-05-27,56.1,49.6
2022-05-28,56.1,49.6
2022-05-29,56.1,49.6
2022-05-30,56.1,49.6
2022-05-31,56.1,49.6
2022-06-01,53.0,50.2
2022-06-02,53.0,50.2
2022-06-03,53.0,50.2
2022-06-04,53.0,50.2
2022-06-05,53.0,50.2
2022-06-06,53.0,50.2
2022-06-07,53.0,50.2
2022-06-08,53.0,50.2
2022-06-09,53.0,50.2
2022-06-10,53.0,50.2
2022-06-11,53.0,50.2
2022-06-12,53.0,50.2
2022-06-13,53.0,50.2
2022-06-14,53.0,50.2
2022-06-15,53.0,50.2
2022-06-16,53.0,50.2
2022-06-17,53.0,50.2
2022-06-18,53.0,50.2
2022-06-19,53.0,50.2
2022-06-20,53.0,50.2
2022-06-21,53.0,50.2
2022-06-22,53.0,50.2
2022-06-23,53.0,50.2
2022-06-24,53.0,50.2
2022-06-25,53.0,50.2
2022-06-26,53.0,50.2
2022-06-27,53.0,50.2
2022-06-28,53.0,50.2
2022-06-29,53.0,50.2
2022-06-30,53.0,50.2
2022-07-01,52.8,49.0
2022-07-02,52.8,49.0
2022-07-03,52.8,49.0
2022-07-04,52.8,49.0
2022-07-05,52.8,49.0
2022-07-06,52.8,49.0
2022-07-07,52.8,49.0
2022-07-08,52.8,49.0
2022-07-09,52.8,49.0
2022-07-10,52.8,49.0
2022-07-11,52.8,49.0
2022-07-12,52.8,49.0
2022-07-13,52.8,49.0
2022-07-14,52.8,49.0
2022-07-15,52.8,49.0
2022-07-16,52.8,49.0
2022-07-17,52.8,49.0
2022-07-18,52.8,49.0
2022-07-19,52.8,49.0
2022-07-20,52.8,49.0
2022-07-21,52.8,49.0
2022-07-22,52.8,49.0
2022-07-23,52.8,49.0
2022-07-24,52.8,49.0
2022-07-25,52.8,49.0
2022-07-26,52.8,49.0
2022-07-27,52.8,49.0
2022-07-28,52.8,49.0
2022-07-29,52.8,49.0
2022-07-30,52.8,49.0
2022-07-31,52.8,49.0
2022-08-01,52.8,49.4
2022-08-02,52.8,49.4
2022-08-03,52.8,49.4
2022-08-04,52.8,49.4
2022-08-05,52.8,49.4
2022-08-06,52.8,49.4
2022-08-07,52.8,49.4
2022-08-08,52.8,49.4
2022-08-09,52.8,49.4
2022-08-10,52.8,49.4
2022-08-11,52.8,49.4
2022-08-12,52.8,49.4
2022-08-13,52.8,49.4
2022-08-14,52.8,49.4
2022-08-15,52.8,49.4
2022-08-16,52.8,49.4
2022-08-17,52.8,49.4
2022-08-18,52.8,49.4
2022-08-19,52.8,49.4
2022-08-20,52.8,49.4
2022-08-21,52.8,49.4
2022-08-22,52.8,49.4
2022-08-23,52.8,49.4
2022-08-24,52.8,49.4
2022-08-25,52.8,49.4
2022-08-26,52.8,49.4
2022-08-27,52.8,49.4
2022-08-28,52.8,49.4
2022-08-29,52.8,49.4
2022-08-30,52.8,49.4
2022-08-31,52.8,49.4
2022-09-01,50.9,50.1
2022-09-02,50.9,50.1
2022-09-03,50.9,50.1
2022-09-04,50.9,50.1
2022-09-05,50.9,50.1
2022-09-06,50.9,50.1
2022-09-07,50.9,50.1
2022-09-08,50.9,50.1
2022-09-09,50.9,50.1
2022-09-10,50.9,50.1
2022-09-11,50.9,50.1
2022-09-12,50.9,50.1
2022-09-13,50.9,50.1
2022-09-14,50.9,50.1
2022-09-15,50.9,50.1
2022-09-16,50.9,50.1
2022-09-17,50.9,50.1
2022-09-18,50.9,50.1
2022-09-19,50.9,50.1
2022-09-20,50.9,50.1
2022-09-21,50.9,50.1
2022-09-22,50.9,50.1
2022-09-23,50.9,50.1
2022-09-24,50.9,50.1
2022-09-25,50.9,50.1
2022-09-26,50.9,50.1
2022-09-27,50.9,50.1
2022-09-28,50.9,50.1
2022-09-29,50.9,50.1
2022-09-30,50.9,50.1
2022-10-01,50.2,49.2
2022-10-02,50.2,49.2
2022-10-03,50.2,49.2
2022-10-04,50.2,49.2
2022-10-05,50.2,49.2
2022-10-06,50.2,49.2
2022-10-07,50.2,49.2
2022-10-08,50.2,49.2
2022-10-09,50.2,49.2
2022-10-10,50.2,49.2
2022-10-11,50.2,49.2
2022-10-12,50.2,49.2
2022-10-13,50.2,49.2
2022-10-14,50.2,49.2
2022-10-15,50.2,49.2
2022-10-16,50.2,49.2
2022-10-17,50.2,49.2
2022-10-18,50.2,49.2
2022-10-19,50.2,49.2
2022-10-20,50.2,49.2
2022-10-21,50.2,49.2
2022-10-22,50.2,49.2
2022-10-23,50.2,49.2
2022-10-24,50.2,49.2
2022-10-25,50.2,49.2
2022-10-26,50.2,49.2
2022-10-27,50.2,49.2
2022-10-28,50.2,49.2
2022-10-29,50.2,49.2
2022-10-30,50.2,49.2
2022-10-31,50.2,49.2
2022-11-01,49.0,48.0
2022-11-02,49.0,48.0
2022-11-03,49.0,48.0
2022-11-04,49.0,48.0
2022-11-05,49.0,48.0
2022-11-06,49.0,48.0
2022-11-07,49.0,48.0
2022-11-08,49.0,48.0
2022-11-09,49.0,48.0
2022-11-10,49.0,48.0
2022-11-11,49.0,48.0
2022-11-12,49.0,48.0
2022-11-13,49.0,48.0
2022-11-14,49.0,48.0
2022-11-15,49.0,48.0
2022-11-16,49.0,48.0
2022-11-17,49.0,48.0
2022-11-18,49.0,48.0
2022-11-19,49.0,48.0
2022-11-20,49.0,48.0
2022-11-21,49.0,48.0
2022-11-22,49.0,48.0
2022-11-23,49.0,48.0
2022-11-24,49.0,48.0
2022-11-25,49.0,48.0
2022-11-26,49.0,48.0
2022-11-27,49.0,48.0
2022-11-28,49.0,48.0
2022-11-29,49.0,48.0
2022-11-30,49.0,48.0
2022-12-01,48.4,47.0
2022-12-02,48.4,47.0
2022-12-03,48.4,47.0
2022-12-04,48.4,47.0
2022-12-05,48.4,47.0
2022-12-06,48.4,47.0
2022-12-07,48.4,47.0
2022-12-08,48.4,47.0
2022-12-09,48.4,47.0
2022-12-10,48.4,47.0
2022-12-11,48.4,47.0
2022-12-12,48.4,47.0
2022-12-13,48.4,47.0
2022-12-14,48.4,47.0
2022-12-15,48.4,47.0
2022-12-16,48.4,47.0
2022-12-17,48.4,47.0
2022-12-18,48.4,47.0
2022-12-19,48.4,47.0
2022-12-20,48.4,47.0
2022-12-21,48.4,47.0
2022-12-22,48.4,47.0
2022-12-23,48.4,47.0
2022-12-24,48.4,47.0
2022-12-25,48.4,47.0
2022-12-26,48.4,47.0
2022-12-27,48.4,47.0
2022-12-28,48.4,47.0
2022-12-29,48.4,47.0
2022-12-30,48.4,47.0
2022-12-31,48.4,47.0
2023-01-01,47.4,50.1
2023-01-02,47.4,50.1
2023-01-03,47.4,50.1
2023-01-04,47.4,50.1
2023-01-05,47.4,50.1
2023-01-06,47.4,50.1
2023-01-07,47.4,50.1
2023-01-08,47.4,50.1
2023-01-09,47.4,50.1
2023-01-10,47.4,50.1
2023-01-11,47.4,50.1
2023-01-12,47.4,50.1
2023-01-13,47.4,50.1
2023-01-14,47.4,50.1
2023-01-15,47.4,50.1
2023-01-16,47.4,50.1
2023-01-17,47.4,50.1
2023-01-18,47.4,50.1
2023-01-19,47.4,50.1
2023-01-20,47.4,50.1
2023-01-21,47.4,50.1
2023-01-22,47.4,50.1
2023-01-23,47.4,50.1
2023-01-24,47.4,50.1
2023-01-25,47.4,50.1
2023-01-26,47.4,50.1
2023-01-27,47.4,50.1
2023-01-28,47.4,50.1
2023-01-29,47.4,50.1
2023-01-30,47.4,50.1
2023-01-31,47.4,50.1
2023-02-01,47.7,52.6
2023-02-02,47.7,52.6
2023-02-03,47.7,52.6
2023-02-04,47.7,52.6
2023-02-05,47.7,52.6
2023-02-06,47.7,52.6
2023-02-07,47.7,52.6
2023-02-08,47.7,52.6
2023-02-09,47.7,52.6
2023-02-10,47.7,52.6
2023-02-11,47.7,52.6
2023-02-12,47.7,52.6
2023-02-13,47.7,52.6
2023-02-14,47.7,52.6
2023-02-15,47.7,52.6
2023-02-16,47.7,52.6
2023-02-17,47.7,52.6
2023-02-18,47.7,52.6
2023-02-19,47.7,52.6
2023-02-20,47.7,52.6
2023-02-21,47.7,52.6
2023-02-22,47.7,52.6
2023-02-23,47.7,52.6
2023-02-24,47.7,52.6
2023-02-25,47.7,52.6
2023-02-26,47.7,52.6
2023-02-27,47.7,52.6
2023-02-28,47.7,52.6
2023-03-01,46.3,51.9
2023-03-02,46.3,51.9
2023-03-03,46.3,51.9
2023-03-04,46.3,51.9
2023-03-05,46.3,51.9
2023-03-06,46.3,51.9
2023-03-07,46.3,51.9
2023-03-08,46.3,51.9
2023-03-09,46.3,51.9
2023-03-10,46.3,51.9
2023-03-11,46.3,51.9
2023-03-12,46.3,51.9
2023-03-13,46.3,51.9
2023-03-14,46.3,51.9
2023-03-15,46.3,51.9
2023-03-16,46.3,51.9
2023-03-17,46.3,51.9
2023-03-18,46.3,51.9
2023-03-19,46.3,51.9
2023-03-20,46.3,51.9
2023-03-21,46.3,51.9
2023-03-22,46.3,51.9
2023-03-23,46.3,51.9
2023-03-24,46.3,51.9
2023-03-25,46.3,51.9
2023-03-26,46.3,51.9
2023-03-27,46.3,51.9
2023-03-28,46.3,51.9
2023-03-29,46.3,51.9
2023-03-30,46.3,51.9
2023-03-31,46.3,51.9
2023-04-01,47.1,49.2
2023-04-02,47.1,49.2
2023-04-03,47.1,49.2
2023-04-04,47.1,49.2
2023-04-05,47.1,49.2
2023-04-06,47.1,49.2
2023-04-07,47.1,49.2
2023-04-08,47.1,49.2
2023-04-09,47.1,49.2
2023-04-10,47.1,49.2
2023-04-11,47.1,49.2
2023-04-12,47.1,49.2
2023-04-13,47.1,49.2
2023-04-14,47.1,49.2
2023-04-15,47.1,49.2
2023-04-16,47.1,49.2
2023-04-17,47.1,49.2
2023-04-18,47.1,49.2
2023-04-19,47.1,49.2
2023-04-20,47.1,49.2
2023-04-21,47.1,49.2
2023-04-22,47.1,49.2
2023-04-23,47.1,49.2
2023-04-24,47.1,49.2
2023-04-25,47.1,49.2
2023-04-26,47.1,49.2
2023-04-27,47.1,49.2
2023-04-28,47.1,49.2
2023-04-29,47.1,49.2
2023-04-30,47.1,49.2
2023-05-01,46.9,48.8
2023-05-02,46.9,48.8
2023-05-03,46.9,48.8
2023-05-04,46.9,48.8
2023-05-05,46.9,48.8
2023-05-06,46.9,48.8
2023-05-07,46.9,48.8
2023-05-08,46.9,48.8
2023-05-09,46.9,48.8
2023-05-10,46.9,48.8
2023-05-11,46.9,48.8
2023-05-12,46.9,48.8
2023-05-13,46.9,48.8
2023-05-14,46.9,48.8
2023-05-15,46.9,48.8
2023-05-16,46.9,48.8
2023-05-17,46.9,48.8
2023-05-18,46.9,48.8
2023-05-19,46.9,48.8
2023-05-20,46.9,48.8
2023-05-21,46.9,48.8
2023-05-22,46.9,48.8
2023-05-23,46.9,48.8
2023-05-24,46.9,48.8
2023-05-25,46.9,48.8
2023-05-26,46.9,48.8
2023-05-27,46.9,48.8
2023-05-28,46.9,48.8
2023-05-29,46.9,48.8
2023-05-30,46.9,48.8
2023-05-31,46.9,48.8
2023-06-01,46.0,49.0
2023-06-02,46.0,49.0
2023-06-03,46.0,49.0
2023-06-04,46.0,49.0
2023-06-05,46.0,49.0
2023-06-06,46.0,49.0
2023-06-07,46.0,49.0
2023-06-08,46.0,49.0
2023-06-09,46.0,49.0
2023-06-10,46.0,49.0
2023-06-11,46.0,49.0
2023-06-12,46.0,49.0
2023-06-13,46.0,49.0
2023-06-14,46.0,49.0
2023-06-15,46.0,49.0
2023-06-16,46.0,49.0
2023-06-17,46.0,49.0
2023-06-18,46.0,49.0
2023-06-19,46.0,49.0
2023-06-20,46.0,49.0
2023-06-21,46.0,49.0
2023-06-22,46.0,49.0
2023-06-23,46.0,49.0
2023-06-24,46.0,49.0
2023-06-25,46.0,49.0
2023-06-26,46.0,49.0
2023-06-27,46.0,49.0
2023-06-28,46.0,49.0
2023-06-29,46.0,49.0
2023-06-30,46.0,49.0
2023-07-01,46.4,49.3
2023-07-02,46.4,49.3
2023-07-03,46.4,49.3
2023-07-04,46.4,49.3
2023-07-05,46.4,49.3
2023-07-06,46.4,49.3
2023-07-07,46.4,49.3
2023-07-08,46.4,49.3
2023-07-09,46.4,49.3
2023-07-10,46.4,49.3
2023-07-11,46.4,49.3
2023-07-12,46.4,49.3
2023-07-13,46.4,49.3
2023-07-14,46.4,49.3
2023-07-15,46.4,49.3
2023-07-16,46.4,49.3
2023-07-17,46.4,49.3
2023-07-18,46.4,49.3
2023-07-19,46.4,49.3
2023-07-20,46.4,49.3
2023-07-21,46.4,49.3
2023-07-22,46.4,49.3
2023-07-23,46.4,49.3
2023-07-24,46.4,49.3
2023-07-25,46.4,49.3
2023-07-26,46.4,49.3
2023-07-27,46.4,49.3
2023-07-28,46.4,49.3
2023-07-29,46.4,49.3
2023-07-30,46.4,49.3
2023-07-31,46.4,49.3
2023-08-01,47.6,49.7
2023-08-02,47.6,49.7
2023-08-03,47.6,49.7
2023-08-04,47.6,49.7
2023-08-05,47.6,49.7
2023-08-06,47.6,49.7
2023-08-07,47.6,49.7
2023-08-08,47.6,49.7
2023-08-09,47.6,49.7
2023-08-10,47.6,49.7
2023-08-11,47.6,49.7
2023-08-12,47.6,49.7
2023-08-13,47.6,49.7
2023-08-14,47.6,49.7
2023-08-15,47.6,49.7
2023-08-16,47.6,49.7
2023-08-17,47.6,49.7
2023-08-18,47.6,49.7
2023-08-19,47.6,49.7
2023-08-20,47.6,49.7
2023-08-21,47.6,49.7
2023-08-22,47.6,49.7
2023-08-23,47.6,49.7
2023-08-24,47.6,49.7
2023-08-25,47.6,49.7
2023-08-26,47.6,49.7
2023-08-27,47.6,49.7
2023-08-28,47.6,49.7
2023-08-29,47.6,49.7
2023-08-30,47.6,49.7
2023-08-31,47.6,49.7
2023-09-01,49.0,50.2
2023-09-02,49.0,50.2
2023-09-03,49.0,50.2
2023-09-04,49.0,50.2
2023-09-05,49.0,50.2
2023-09-06,49.0,50.2
2023-09-07,49.0,50.2
2023-09-08,49.0,50.2
2023-09-09,49.0,50.2
2023-09-10,49.0,50.2
2023-09-11,49.0,50.2
2023-09-12,49.0,50.2
2023-09-13,49.0,50.2
2023-09-14,49.0,50.2
2023-09-15,49.0,50.2
2023-09-16,49.0,50.2
2023-09-17,49.0,50.2
2023-09-18,49.0,50.2
2023-09-19,49.0,50.2
2023-09-20,49.0,50.2
2023-09-21,49.0,50.2
2023-09-22,49.0,50.2
2023-09-23,49.0,50.2
2023-09-24,49.0,50.2
2023-09-25,49.0,50.2
2023-09-26,49.0,50.2
2023-09-27,49.0,50.2
2023-09-28,49.0,50.2
2023-09-29,49.0,50.2
2023-09-30,49.0,50.2
2023-10-01,46.7,49.5
2023-10-02,46.7,49.5
2023-10-03,46.7,49.5
2023-10-04,46.7,49.5
2023-10-05,46.7,49.5
2023-10-06,46.7,49.5
2023-10-07,46.7,49.5
2023-10-08,46.7,49.5
2023-10-09,46.7,49.5
2023-10-10,46.7,49.5
2023-10-11,46.7,49.5
2023-10-12,46.7,49.5
2023-10-13,46.7,49.5
2023-10-14,46.7,49.5
2023-10-15,46.7,49.5
2023-10-16,46.7,49.5
2023-10-17,46.7,49.5
2023-10-18,46.7,49.5
2023-10-19,46.7,49.5
2023-10-20,46.7,49.5
2023-10-21,46.7,49.5
2023-10-22,46.7,49.5
2023-10-23,46.7,49.5
2023-10-24,46.7,49.5
2023-10-25,46.7,49.5
2023-10-26,46.7,49.5
2023-10-27,46.7,49.5
2023-10-28,46.7,49.5
2023-10-29,46.7,49.5
2023-10-30,46.7,49.5
2023-10-31,46.7,49.5
2023-11-01,46.7,49.4
2023-11-02,46.7,49.4
2023-11-03,46.7,49.4
2023-11-04,46.7,49.4
2023-11-05,46.7,49.4
2023-11-06,46.7,49.4
2023-11-07,46.7,49.4
2023-11-08,46.7,49.4
2023-11-09,46.7,49.4
2023-11-10,46.7,49.4
2023-11-11,46.7,49.4
2023-11-12,46.7,49.4
2023-11-13,46.7,49.4
2023-11-14,46.7,49.4
2023-11-15,46.7,49.4
2023-11-16,46.7,49.4
2023-11-17,46.7,49.4
2023-11-18,46.7,49.4
2023-11-19,46.7,49.4
2023-11-20,46.7,49.4
2023-11-21,46.7,49.4
2023-11-22,46.7,49.4
2023-11-23,46.7,49.4
2023-11-24,46.7,49.4
2023-11-25,46.7,49.4
2023-11-26,46.7,49.4
2023-11-27,46.7,49.4
2023-11-28,46.7,49.4
2023-11-29,46.7,49.4
2023-11-30,46.7,49.4
2023-12-01,47.4,49.0
2023-12-02,47.4,49.0
2023-12-03,47.4,49.0
2023-12-04,47.4,49.0
2023-12-05,47.4,49.0
2023-12-06,47.4,49.0
2023-12-07,47.4,49.0
2023-12-08,47.4,49.0
2023-12-09,47.4,49.0
2023-12-10,47.4,49.0
2023-12-11,47.4,49.0
2023-12-12,47.4,49.0
2023-12-13,47.4,49.0
2023-12-14,47.4,49.0
2023-12-15,47.4,49.0
2023-12-16,47.4,49.0
2023-12-17,47.4,49.0
2023-12-18,47.4,49.0
2023-12-19,47.4,49.0
2023-12-20,47.4,49.0
2023-12-21,47.4,49.0
2023-12-22,47.4,49.0
2023-12-23,47.4,49.0
2023-12-24,47.4,49.0
2023-12-25,47.4,49.0
2023-12-26,47.4,49.0
2023-12-27,47.4,49.0
2023-12-28,47.4,49.0
2023-12-29,47.4,49.0
2023-12-30,47.4,49.0
2023-12-31,47.4,49.0
2024-01-01,49.1,49.2
2024-01-02,49.1,49.2
2024-01-03,49.1,49.2
2024-01-04,49.1,49.2
2024-01-05,49.1,49.2
2024-01-06,49.1,49.2
2024-01-07,49.1,49.2
2024-01-08,49.1,49.2
2024-01-09,49.1,49.2
2024-01-10,49.1,49.2
2024-01-11,49.1,49.2
2024-01-12,49.1,49.2
2024-01-13,49.1,49.2
2024-01-14,49.1,49.2
2024-01-15,49.1,49.2
2024-01-16,49.1,49.2
2024-01-17,49.1,49.2
2024-01-18,49.1,49.2
2024-01-19,49.1,49.2
2024-01-20,49.1,49.2
2024-01-21,49.1,49.2
2024-01-22,49.1,49.2
2024-01-23,49.1,49.2
2024-01-24,49.1,49.2
2024-01-25,49.1,49.2
2024-01-26,49.1,49.2
2024-01-27,49.1,49.2
2024-01-28,49.1,49.2
2024-01-29,49.1,49.2
2024-01-30,49.1,49.2
2024-01-31,49.1,49.2
2024-02-01,47.8,49.1
2024-02-02,47.8,49.1
2024-02-03,47.8,49.1
2024-02-04,47.8,49.1
2024-02-05,47.8,49.1
2024-02-06,47.8,49.1
2024-02-07,47.8,49.1
2024-02-08,47.8,49.1
2024-02-09,47.8,49.1
2024-02-10,47.8,49.1
2024-02-11,47.8,49.1
2024-02-12,47.8,49.1
2024-02-13,47.8,49.1
2024-02-14,47.8,49.1
2024-02-15,47.8,49.1
2024-02-16,47.8,49.1
2024-02-17,47.8,49.1
2024-02-18,47.8,49.1
2024-02-19,47.8,49.1
2024-02-20,47.8,49.1
2024-02-21,47.8,49.1
2024-02-22,47.8,49.1
2024-02-23,47.8,49.1
2024-02-24,47.8,49.1
2024-02-25,47.8,49.1
2024-02-26,47.8,49.1
2024-02-27,47.8,49.1
2024-02-28,47.8,49.1
2024-02-29,47.8,49.1
2024-03-01,50.3,50.8
2024-03-02,50.3,50.8
2024-03-03,50.3,50.8
2024-03-04,50.3,50.8
2024-03-05,50.3,50.8
2024-03-06,50.3,50.8
2024-03-07,50.3,50.8
2024-03-08,50.3,50.8
2024-03-09,50.3,50.8
2024-03-10,50.3,50.8
2024-03-11,50.3,50.8
2024-03-12,50.3,50.8
2024-03-13,50.3,50.8
2024-03-14,50.3,50.8
2024-03-15,50.3,50.8
2024-03-16,50.3,50.8
2024-03-17,50.3,50.8
2024-03-18,50.3,50.8
2024-03-19,50.3,50.8
2024-03-20,50.3,50.8
2024-03-21,50.3,50.8
2024-03-22,50.3,50.8
2024-03-23,50.3,50.8
2024-03-24,50.3,50.8
2024-03-25,50.3,50.8
2024-03-26,50.3,50.8
2024-03-27,50.3,50.8
2024-03-28,50.3,50.8
2024-03-29,50.3,50.8
2024-03-30,50.3,50.8
2024-03-31,50.3,50.8
2024-04-01,49.2,50.4
2024-04-02,49.2,50.4
2024-04-03,49.2,50.4
2024-04-04,49.2,50.4
2024-04-05,49.2,50.4
2024-04-06,49.2,50.4
2024-04-07,49.2,50.4
2024-04-08,49.2,50.4
2024-04-09,49.2,50.4
2024-04-10,49.2,50.4
2024-04-11,49.2,50.4
2024-04-12,49.2,50.4
2024-04-13,49.2,50.4
2024-04-14,49.2,50.4
2024-04-15,49.2,50.4
2024-04-16,49.2,50.4
2024-04-17,49.2,50.4
2024-04-18,49.2,50.4
2024-04-19,49.2,50.4
2024-04-20,49.2,50.4
2024-04-21,49.2,50.4
2024-04-22,49.2,50.4
2024-04-23,49.2,50.4
2024-04-24,49.2,50.4
2024-04-25,49.2,50.4
2024-04-26,49.2,50.4
2024-04-27,49.2,50.4
2024-04-28,49.2,50.4
2024-04-29,49.2,50.4
2024-04-30,49.2,50.4
2024-05-01,48.7,49.5
2024-05-02,48.7,49.5
2024-05-03,48.7,49.5
2024-05-04,48.7,49.5
2024-05-05,48.7,49.5
2024-05-06,48.7,49.5
2024-05-07,48.7,49.5
2024-05-08,48.7,49.5
2024-05-09,48.7,49.5
2024-05-10,48.7,49.5
2024-05-11,48.7,49.5
2024-05-12,48.7,49.5
2024-05-13,48.7,49.5
2024-05-14,48.7,49.5
2024-05-15,48.7,49.5
2024-05-16,48.7,49.5
2024-05-17,48.7,49.5
2024-05-18,48.7,49.5
2024-05-19,48.7,49.5
2024-05-20,48.7,49.5
2024-05-21,48.7,49.5
2024-05-22,48.7,49.5
2024-05-23,48.7,49.5
2024-05-24,48.7,49.5
2024-05-25,48.7,49.5
2024-05-26,48.7,49.5
2024-05-27,48.7,49.5
2024-05-28,48.7,49.5
2024-05-29,48.7,49.5
2024-05-30,48.7,49.5
2024-05-31,48.7,49.5
2024-06-01,48.5,49.5
2024-06-02,48.5,49.5
2024-06-03,48.5,49.5
2024-06-04,48.5,49.5
2024-06-05,48.5,49.5
2024-06-06,48.5,49.5
2024-06-07,48.5,49.5
2024-06-08,48.5,49.5
2024-06-09,48.5,49.5
2024-06-10,48.5,49.5
2024-06-11,48.5,49.5
2024-06-12,48.5,49.5
2024-06-13,48.5,49.5
2024-06-14,48.5,49.5
2024-06-15,48.5,49.5
2024-06-16,48.5,49.5
2024-06-17,48.5,49.5
2024-06-18,48.5,49.5
2024-06-19,48.5,49.5
2024-06-20,48.5,49.5
2024-06-21,48.5,49.5
2024-06-22,48.5,49.5
2024-06-23,48.5,49.5
2024-06-24,48.5,49.5
2024-06-25,48.5,49.5
2024-06-26,48.5,49.5
2024-06-27,48.5,49.5
2024-06-28,48.5,49.5
2024-06-29,48.5,49.5
2024-06-30,48.5,49.5
2024-07-01,46.8,49.4
2024-07-02,46.8,49.4
2024-07-03,46.8,49.4
2024-07-04,46.8,49.4
2024-07-05,46.8,49.4
2024-07-06,46.8,49.4
2024-07-07,46.8,49.4
2024-07-08,46.8,49.4
2024-07-09,46.8,49.4
2024-07-10,46.8,49.4
2024-07-11,46.8,49.4
2024-07-12,46.8,49.4
2024-07-13,46.8,49.4
2024-07-14,46.8,49.4
2024-07-15,46.8,49.4
2024-07-16,46.8,49.4
2024-07-17,46.8,49.4
2024-07-18,46.8,49.4
2024-07-19,46.8,49.4
2024-07-20,46.8,49.4
2024-07-21,46.8,49.4
2024-07-22,46.8,49.4
2024-07-23,46.8,49.4
2024-07-24,46.8,49.4
2024-07-25,46.8,49.4
2024-07-26,46.8,49.4
2024-07-27,46.8,49.4
2024-07-28,46.8,49.4
2024-07-29,46.8,49.4
2024-07-30,46.8,49.4
2024-07-31,46.8,49.4
2024-08-01,47.2,49.1
2024-08-02,47.2,49.1
2024-08-03,47.2,49.1
2024-08-04,47.2,49.1
2024-08-05,47.2,49.1
2024-08-06,47.2,49.1
2024-08-07,47.2,49.1
2024-08-08,47.2,49.1
2024-08-09,47.2,49.1
2024-08-10,47.2,49.1
2024-08-11,47.2,49.1
2024-08-12,47.2,49.1
2024-08-13,47.2,49.1
2024-08-14,47.2,49.1
2024-08-15,47.2,49.1
2024-08-16,47.2,49.1
2024-08-17,47.2,49.1
2024-08-18,47.2,49.1
2024-08-19,47.2,49.1
2024-08-20,47.2,49.1
2024-08-21,47.2,49.1
2024-08-22,47.2,49.1
2024-08-23,47.2,49.1
2024-08-24,47.2,49.1
2024-08-25,47.2,49.1
2024-08-26,47.2,49.1
2024-08-27,47.2,49.1
2024-08-28,47.2,49.1
2024-08-29,47.2,49.1
2024-08-30,47.2,49.1
2024-08-31,47.2,49.1
2024-09-01,47.2,49.8
2024-09-02,47.2,49.8
2024-09-03,47.2,49.8
2024-09-04,47.2,49.8
2024-09-05,47.2,49.8
2024-09-06,47.2,49.8
2024-09-07,47.2,49.8
2024-09-08,47.2,49.8
2024-09-09,47.2,49.8
2024-09-10,47.2,49.8
2024-09-11,47.2,49.8
2024-09-12,47.2,49.8
2024-09-13,47.2,49.8
2024-09-14,47.2,49.8
2024-09-15,47.2,49.8
2024-09-16,47.2,49.8
2024-09-17,47.2,49.8
2024-09-18,47.2,49.8
2024-09-19,47.2,49.8
2024-09-20,47.2,49.8
2024-09-21,47.2,49.8
2024-09-22,47.2,49.8
2024-09-23,47.2,49.8
2024-09-24,47.2,49.8
2024-09-25,47.2,49.8
2024-09-26,47.2,49.8
2024-09-27,47.2,49.8
2024-09-28,47.2,49.8
2024-09-29,47.2,49.8
2024-09-30,47.2,49.8
2024-10-01,46.5,50.1
2024-10-02,46.5,50.1
2024-10-03,46.5,50.1
2024-10-04,46.5,50.1
2024-10-05,46.5,50.1
2024-10-06,46.5,50.1
2024-10-07,46.5,50.1
2024-10-08,46.5,50.1
2024-10-09,46.5,50.1
2024-10-10,46.5,50.1
2024-10-11,46.5,50.1
2024-10-12,46.5,50.1
2024-10-13,46.5,50.1
2024-10-14,46.5,50.1
2024-10-15,46.5,50.1
2024-10-16,46.5,50.1
2024-10-17,46.5,50.1
2024-10-18,46.5,50.1
2024-10-19,46.5,50.1
2024-10-20,46.5,50.1
2024-10-21,46.5,50.1
2024-10-22,46.5,50.1
2024-10-23,46.5,50.1
2024-10-24,46.5,50.1
2024-10-25,46.5,50.1
2024-10-26,46.5,50.1
2024-10-27,46.5,50.1
2024-10-28,46.5,50.1
2024-10-29,46.5,50.1
2024-10-30,46.5,50.1
2024-10-31,46.5,50.1
2024-11-01,48.4,50.3
2024-11-02,48.4,50.3
2024-11-03,48.4,50.3
2024-11-04,48.4,50.3
2024-11-05,48.4,50.3
2024-11-06,48.4,50.3
2024-11-07,48.4,50.3
2024-11-08,48.4,50.3
2024-11-09,48.4,50.3
2024-11-10,48.4,50.3
2024-11-11,48.4,50.3
2024-11-12,48.4,50.3
2024-11-13,48.4,50.3
2024-11-14,48.4,50.3
2024-11-15,48.4,50.3
2024-11-16,48.4,50.3
2024-11-17,48.4,50.3
2024-11-18,48.4,50.3
2024-11-19,48.4,50.3
2024-11-20,48.4,50.3
2024-11-21,48.4,50.3
2024-11-22,48.4,50.3
2024-11-23,48.4,50.3
2024-11-24,48.4,50.3
2024-11-25,48.4,50.3
2024-11-26,48.4,50.3
2024-11-27,48.4,50.3
2024-11-28,48.4,50.3
2024-11-29,48.4,50.3
2024-11-30,48.4,50.3
2024-12-01,49.3,50.1
2024-12-02,49.3,50.1
2024-12-03,49.3,50.1
2024-12-04,49.3,50.1
2024-12-05,49.3,50.1
2024-12-06,49.3,50.1
2024-12-07,49.3,50.1
2024-12-08,49.3,50.1
2024-12-09,49.3,50.1
2024-12-10,49.3,50.1
2024-12-11,49.3,50.1
2024-12-12,49.3,50.1
2024-12-13,49.3,50.1
2024-12-14,49.3,50.1
2024-12-15,49.3,50.1
2024-12-16,49.3,50.1
2024-12-17,49.3,50.1
2024-12-18,49.3,50.1
2024-12-19,49.3,50.1
2024-12-20,49.3,50.1
2024-12-21,49.3,50.1
2024-12-22,49.3,50.1
2024-12-23,49.3,50.1
2024-12-24,49.3,50.1
2024-12-25,49.3,50.1
2024-12-26,49.3,50.1
2024-12-27,49.3,50.1
2024-12-28,49.3,50.1
2024-12-29,49.3,50.1
2024-12-30,49.3,50.1
2024-12-31,49.3,50.1
2025-01-01,50.9,49.1
2025-01-02,50.9,49.1
2025-01-03,50.9,49.1
2025-01-04,50.9,49.1
2025-01-05,50.9,49.1
2025-01-06,50.9,49.1
2025-01-07,50.9,49.1
2025-01-08,50.9,49.1
2025-01-09,50.9,49.1
2025-01-10,50.9,49.1
2025-01-11,50.9,49.1
2025-01-12,50.9,49.1
2025-01-13,50.9,49.1
2025-01-14,50.9,49.1
2025-01-15,50.9,49.1
2025-01-16,50.9,49.1
2025-01-17,50.9,49.1
2025-01-18,50.9,49.1
2025-01-19,50.9,49.1
2025-01-20,50.9,49.1
2025-01-21,50.9,49.1
2025-01-22,50.9,49.1
2025-01-23,50.9,49.1
2025-01-24,50.9,49.1
2025-01-25,50.9,49.1
2025-01-26,50.9,49.1
2025-01-27,50.9,49.1
2025-01-28,50.9,49.1
2025-01-29,50.9,49.1
2025-01-30,50.9,49.1
2025-01-31,50.9,49.1
2025-02-01,50.3,50.2
2025-02-02,50.3,50.2
2025-02-03,50.3,50.2
2025-02-04,50.3,50.2
2025-02-05,50.3,50.2
2025-02-06,50.3,50.2
2025-02-07,50.3,50.2
2025-02-08,50.3,50.2
2025-02-09,50.3,50.2
2025-02-10,50.3,50.2
2025-02-11,50.3,50.2
2025-02-12,50.3,50.2
2025-02-13,50.3,50.2
2025-02-14,50.3,50.2
2025-02-15,50.3,50.2
2025-02-16,50.3,50.2
2025-02-17,50.3,50.2
2025-02-18,50.3,50.2
2025-02-19,50.3,50.2
2025-02-20,50.3,50.2
2025-02-21,50.3,50.2
2025-02-22,50.3,50.2
2025-02-23,50.3,50.2
2025-02-24,50.3,50.2
2025-02-25,50.3,50.2
2025-02-26,50.3,50.2
2025-02-27,50.3,50.2
2025-02-28,50.3,50.2
2025-03-01,49.0,50.5
2025-03-02,49.0,50.5
2025-03-03,49.0,50.5
2025-03-04,49.0,50.5
2025-03-05,49.0,50.5
2025-03-06,49.0,50.5
2025-03-07,49.0,50.5
2025-03-08,49.0,50.5
2025-03-09,49.0,50.5
2025-03-10,49.0,50.5
2025-03-11,49.0,50.5
2025-03-12,49.0,50.5
2025-03-13,49.0,50.5
2025-03-14,49.0,50.5
2025-03-15,49.0,50.5
2025-03-16,49.0,50.5
2025-03-17,49.0,50.5
2025-03-18,49.0,50.5
2025-03-19,49.0,50.5
2025-03-20,49.0,50.5
2025-03-21,49.0,50.5
2025-03-22,49.0,50.5
2025-03-23,49.0,50.5
2025-03-24,49.0,50.5
2025-03-25,49.0,50.5
2025-03-26,49.0,50.5
2025-03-27,49.0,50.5
2025-03-28,49.0,50.5
2025-03-29,49.0,50.5
2025-03-30,49.0,50.5
2025-03-31,49.0,50.5
2025-04-01,48.7,49.0
2025-04-02,48.7,49.0
2025-04-03,48.7,49.0
2025-04-04,48.7,49.0
2025-04-05,48.7,49.0
2025-04-06,48.7,49.0
2025-04-07,48.7,49.0
2025-04-08,48.7,49.0
2025-04-09,48.7,49.0
2025-04-10,48.7,49.0
2025-04-11,48.7,49.0
2025-04-12,48.7,49.0
2025-04-13,48.7,49.0
2025-04-14,48.7,49.0
2025-04-15,48.7,49.0
2025-04-16,48.7,49.0
2025-04-17,48.7,49.0
2025-04-18,48.7,49.0
2025-04-19,48.7,49.0
2025-04-20,48.7,49.0
2025-04-21,48.7,49.0
2025-04-22,48.7,49.0
2025-04-23,48.7,49.0
2025-04-24,48.7,49.0
2025-04-25,48.7,49.0
2025-04-26,48.7,49.0
2025-04-27,48.7,49.0
2025-04-28,48.7,49.0
2025-04-29,48.7,49.0
2025-04-30,48.7,49.0
2025-05-01,48.5,49.5
2025-05-02,48.5,49.5
2025-05-03,48.5,49.5
2025-05-04,48.5,49.5
2025-05-05,48.5,49.5
2025-05-06,48.5,49.5
2025-05-07,48.5,49.5
2025-05-08,48.5,49.5
2025-05-09,48.5,49.5
2025-05-10,48.5,49.5
2025-05-11,48.5,49.5
2025-05-12,48.5,49.5
2025-05-13,48.5,49.5
2025-05-14,48.5,49.5
2025-05-15,48.5,49.5
2025-05-16,48.5,49.5
2025-05-17,48.5,49.5
2025-05-18,48.5,49.5
2025-05-19,48.5,49.5
2025-05-20,48.5,49.5
2025-05-21,48.5,49.5
2025-05-22,48.5,49.5
2025-05-23,48.5,49.5
2025-05-24,48.5,49.5
2025-05-25,48.5,49.5
2025-05-26,48.5,49.5
2025-05-27,48.5,49.5
2025-05-28,48.5,49.5
2025-05-29,48.5,49.5
2025-05-30,48.5,49.5
2025-05-31,48.5,49.5
2025-06-01,49.0,49.7
2025-06-02,49.0,49.7
2025-06-03,49.0,49.7
2025-06-04,49.0,49.7
2025-06-05,49.0,49.7
2025-06-06,49.0,49.7
2025-06-07,49.0,49.7
2025-06-08,49.0,49.7
2025-06-09,49.0,49.7
2025-06-10,49.0,49.7
2025-06-11,49.0,49.7
2025-06-12,49.0,49.7
2025-06-13,49.0,49.7
2025-06-14,49.0,49.7
2025-06-15,49.0,49.7
2025-06-16,49.0,49.7
2025-06-17,49.0,49.7
2025-06-18,49.0,49.7
2025-06-19,49.0,49.7
2025-06-20,49.0,49.7
2025-06-21,49.0,49.7
2025-06-22,49.0,49.7
2025-06-23,49.0,49.7
2025-06-24,49.0,49.7
2025-06-25,49.0,49.7
2025-06-26,49.0,49.7
2025-06-27,49.0,49.7
2025-06-28,49.0,49.7
2025-06-29,49.0,49.7
2025-06-30,49.0,49.7
2025-07-01,48.0,49.3
2025-07-02,48.0,49.3
2025-07-03,48.0,49.3
2025-07-04,48.0,49.3
2025-07-05,48.0,49.3
2025-07-06,48.0,49.3
2025-07-07,48.0,49.3
2025-07-08,48.0,49.3
2025-07-09,48.0,49.3
2025-07-10,48.0,49.3
2025-07-11,48.0,49.3
2025-07-12,48.0,49.3
2025-07-13,48.0,49.3
2025-07-14,48.0,49.3
2025-07-15,48.0,49.3
2025-07-16,48.0,49.3
2025-07-17,48.0,49.3
2025-07-18,48.0,49.3
2025-07-19,48.0,49.3
2025-07-20,48.0,49.3
2025-07-21,48.0,49.3
2025-07-22,48.0,49.3
2025-07-23,48.0,49.3
2025-07-24,48.0,49.3
2025-07-25,48.0,49.3
2025-07-26,48.0,49.3
2025-07-27,48.0,49.3
2025-07-28,48.0,49.3
2025-07-29,48.0,49.3
2025-07-30,48.0,49.3
2025-07-31,48.0,49.3
2025-08-01,48.7,49.4
2025-08-02,48.7,49.4
2025-08-03,48.7,49.4
2025-08-04,48.7,49.4
2025-08-05,48.7,49.4
2025-08-06,48.7,49.4
2025-08-07,48.7,49.4
2025-08-08,48.7,49.4
2025-08-09,48.7,49.4
2025-08-10,48.7,49.4
2025-08-11,48.7,49.4
2025-08-12,48.7,49.4
2025-08-13,48.7,49.4
2025-08-14,48.7,49.4
2025-08-15,48.7,49.4
2025-08-16,48.7,49.4
2025-08-17,48.7,49.4
2025-08-18,48.7,49.4
2025-08-19,48.7,49.4
2025-08-20,48.7,49.4
2025-08-21,48.7,49.4
2025-08-22,48.7,49.4
2025-08-23,48.7,49.4
2025-08-24,48.7,49.4
2025-08-25,48.7,49.4
2025-08-26,48.7,49.4
2025-08-27,48.7,49.4
2025-08-28,48.7,49.4
2025-08-29,48.7,49.4
2025-08-30,48.7,49.4
2025-08-31,48.7,49.4
2025-09-01,49.1,49.8
2025-09-02,49.1,49.8
2025-09-03,49.1,49.8
2025-09-04,49.1,49.8
2025-09-05,49.1,49.8
2025-09-06,49.1,49.8
2025-09-07,49.1,49.8
2025-09-08,49.1,49.8
2025-09-09,49.1,49.8
2025-09-10,49.1,49.8
2025-09-11,49.1,49.8
2025-09-12,49.1,49.8
2025-09-13,49.1,49.8
2025-09-14,49.1,49.8
2025-09-15,49.1,49.8
2025-09-16,49.1,49.8
2025-09-17,49.1,49.8
2025-09-18,49.1,49.8
2025-09-19,49.1,49.8
2025-09-20,49.1,49.8
2025-09-21,49.1,49.8
2025-09-22,49.1,49.8
2025-09-23,49.1,49.8
2025-09-24,49.1,49.8
2025-09-25,49.1,49.8
2025-09-26,49.1,49.8
2025-09-27,49.1,49.8
2025-09-28,49.1,49.8
2025-09-29,49.1,49.8
2025-09-30,49.1,49.8
2025-10-01,48.7,49.0
2025-10-02,48.7,49.0
2025-10-03,48.7,49.0
2025-10-04,48.7,49.0
2025-10-05,48.7,49.0
2025-10-06,48.7,49.0
2025-10-07,48.7,49.0
2025-10-08,48.7,49.0
2025-10-09,48.7,49.0
2025-10-10,48.7,49.0
2025-10-11,48.7,49.0
2025-10-12,48.7,49.0
2025-10-13,48.7,49.0
2025-10-14,48.7,49.0
2025-10-15,48.7,49.0
2025-10-16,48.7,49.0
2025-10-17,48.7,49.0
2025-10-18,48.7,49.0
2025-10-19,48.7,49.0
2025-10-20,48.7,49.0
2025-10-21,48.7,49.0
2025-10-22,48.7,49.0
2025-10-23,48.7,49.0
2025-10-24,48.7,49.0
2025-10-25,48.7,49.0
2025-10-26,48.7,49.0
2025-10-27,48.7,49.0
2025-10-28,48.7,49.0
2025-10-29,48.7,49.0
2025-10-30,48.7,49.0
2025-10-31,48.7,49.0
2025-11-01,48.2,49.2
2025-11-02,48.2,49.2
2025-11-03,48.2,49.2
2025-11-04,48.2,49.2
2025-11-05,48.2,49.2
2025-11-06,48.2,49.2
2025-11-07,48.2,49.2
2025-11-08,48.2,49.2
2025-11-09,48.2,49.2
2025-11-10,48.2,49.2
2025-11-11,48.2,49.2
2025-11-12,48.2,49.2
2025-11-13,48.2,49.2
2025-11-14,48.2,49.2
2025-11-15,48.2,49.2
2025-11-16,48.2,49.2
2025-11-17,48.2,49.2
2025-11-18,48.2,49.2
2025-11-19,48.2,49.2
2025-11-20,48.2,49.2
2025-11-21,48.2,49.2
2025-11-22,48.2,49.2
2025-11-23,48.2,49.2
2025-11-24,48.2,49.2
2025-11-25,48.2,49.2
2025-11-26,48.2,49.2
2025-11-27,48.2,49.2
2025-11-28,48.2,49.2
2025-11-29,48.2,49.2
2025-11-30,48.2,49.2
2025-12-01,47.9,50.1
2025-12-02,47.9,50.1
2025-12-03,47.9,50.1
2025-12-04,47.9,50.1
2025-12-05,47.9,50.1
2025-12-06,47.9,50.1
2025-12-07,47.9,50.1
2025-12-08,47.9,50.1
2025-12-09,47.9,50.1
2025-12-10,47.9,50.1
2025-12-11,47.9,50.1
2025-12-12,47.9,50.1
2025-12-13,47.9,50.1
2025-12-14,47.9,50.1
2025-12-15,47.9,50.1
2025-12-16,47.9,50.1
2025-12-17,47.9,50.1
2025-12-18,47.9,50.1
2025-12-19,47.9,50.1
2025-12-20,47.9,50.1
2025-12-21,47.9,50.1
2025-12-22,47.9,50.1
2025-12-23,47.9,50.1
2025-12-24,47.9,50.1
2025-12-25,47.9,50.1
2025-12-26,47.9,50.1
2025-12-27,47.9,50.1
2025-12-28,47.9,50.1
2025-12-29,47.9,50.1
2025-12-30,47.9,50.1
2025-12-31,47.9,50.1
2026-01-01,52.6,49.3
2026-01-02,52.6,49.3
2026-01-03,52.6,49.3
2026-01-04,52.6,49.3
2026-01-05,52.6,49.3
2026-01-06,52.6,49.3
2026-01-07,52.6,49.3
2026-01-08,52.6,49.3
2026-01-09,52.6,49.3
2026-01-10,52.6,49.3
2026-01-11,52.6,49.3
2026-01-12,52.6,49.3
2026-01-13,52.6,49.3
2026-01-14,52.6,49.3
2026-01-15,52.6,49.3
2026-01-16,52.6,49.3
2026-01-17,52.6,49.3
2026-01-18,52.6,49.3
2026-01-19,52.6,49.3
2026-01-20,52.6,49.3
2026-01-21,52.6,49.3
2026-01-22,52.6,49.3
2026-01-23,52.6,49.3
2026-01-24,52.6,49.3
2026-01-25,52.6,49.3
2026-01-26,52.6,49.3
2026-01-27,52.6,49.3
2026-01-28,52.6,49.3
2026-01-29,52.6,49.3
2026-01-30,52.6,49.3
2026-01-31,52.6,49.3
2026-02-01,52.4,49.0
2026-02-02,52.4,49.0
2026-02-03,52.4,49.0
2026-02-04,52.4,49.0
2026-02-05,52.4,49.0
2026-02-06,52.4,49.0
2026-02-07,52.4,49.0
2026-02-08,52.4,49.0
2026-02-09,52.4,49.0
2026-02-10,52.4,49.0
2026-02-11,52.4,49.0
2026-02-12,52.4,49.0
2026-02-13,52.4,49.0
2026-02-14,52.4,49.0
2026-02-15,52.4,49.0
2026-02-16,52.4,49.0
2026-02-17,52.4,49.0
2026-02-18,52.4,49.0
2026-02-19,52.4,49.0
2026-02-20,52.4,49.0
2026-02-21,52.4,49.0
2026-02-22,52.4,49.0
2026-02-23,52.4,49.0
2026-02-24,52.4,49.0
2026-02-25,52.4,49.0
2026-02-26,52.4,49.0
2026-02-27,52.4,49.0
2026-02-28,52.4,49.0
2026-03-01,52.4,49.0
