date,natural_gas,crude_oil_wti
2017-01-02,3.71,52.36
2017-01-03,3.41,52.36
2017-01-04,3.42,53.26
2017-01-05,3.42,53.77
2017-01-06,3.38,53.98
2017-01-07,3.38,53.98
2017-01-08,3.38,53.98
2017-01-09,3.14,51.95
2017-01-10,3.21,50.82
2017-01-11,3.27,52.19
2017-01-12,3.36,53.01
2017-01-13,3.36,52.36
2017-01-14,3.36,52.36
2017-01-15,3.36,52.36
2017-01-16,3.36,52.36
2017-01-17,3.37,52.45
2017-01-18,3.26,51.12
2017-01-19,3.25,51.39
2017-01-20,3.23,52.33
2017-01-21,3.23,52.33
2017-01-22,3.23,52.33
2017-01-23,3.16,52.77
2017-01-24,3.16,52.38
2017-01-25,3.26,52.14
2017-01-26,3.44,53.24
2017-01-27,3.31,53.18
2017-01-28,3.31,53.18
2017-01-29,3.31,53.18
2017-01-30,3.22,52.63
2017-01-31,3.0,52.75
2017-02-01,3.15,53.9
2017-02-02,3.13,53.55
2017-02-03,3.13,53.81
2017-02-04,3.13,53.81
2017-02-05,3.13,53.81
2017-02-06,2.92,53.01
2017-02-07,3.03,52.19
2017-02-08,3.05,52.37
2017-02-09,3.11,52.99
2017-02-10,3.11,53.84
2017-02-11,3.11,53.84
2017-02-12,3.11,53.84
2017-02-13,2.93,52.96
2017-02-14,2.85,53.21
2017-02-15,2.95,53.11
2017-02-16,2.88,53.41
2017-02-17,2.75,53.41
2017-02-18,2.75,53.41
2017-02-19,2.75,53.41
2017-02-20,2.75,53.41
2017-02-21,2.56,54.02
2017-02-22,2.52,53.61
2017-02-23,2.63,54.48
2017-02-24,2.63,53.99
2017-02-25,2.63,53.99
2017-02-26,2.63,53.99
2017-02-27,2.44,54.04
2017-02-28,2.54,54.0
2017-03-01,2.54,53.82
2017-03-02,2.59,52.63
2017-03-03,2.5,53.33
2017-03-04,2.5,53.33
2017-03-05,2.5,53.33
2017-03-06,2.68,53.19
2017-03-07,2.68,52.68
2017-03-08,2.59,49.83
2017-03-09,2.83,48.75
2017-03-10,2.98,48.05
2017-03-11,2.98,48.05
2017-03-12,2.98,48.05
2017-03-13,3.04,47.95
2017-03-14,3.02,47.24
2017-03-15,3.02,48.34
2017-03-16,2.84,48.3
2017-03-17,2.85,48.34
2017-03-18,2.85,48.34
2017-03-19,2.85,48.34
2017-03-20,2.93,47.79
2017-03-21,3.09,47.02
2017-03-22,3.02,47.29
2017-03-23,2.93,47.0
2017-03-24,2.97,47.3
2017-03-25,2.97,47.3
2017-03-26,2.97,47.3
2017-03-27,2.94,47.02
2017-03-28,2.95,48.36
2017-03-29,3.03,49.47
2017-03-30,3.08,50.3
2017-03-31,3.13,50.54
2017-04-01,3.13,50.54
2017-04-02,3.13,50.54
2017-04-03,3.13,50.25
2017-04-04,3.06,50.99
2017-04-05,3.22,51.14
2017-04-06,3.23,51.69
2017-04-07,3.23,52.25
2017-04-08,3.23,52.25
2017-04-09,3.23,52.25
2017-04-10,3.15,53.06
2017-04-11,3.11,53.38
2017-04-12,2.97,53.12
2017-04-13,3.0,53.19
2017-04-14,3.0,53.19
2017-04-15,3.0,53.19
2017-04-16,3.0,53.19
2017-04-17,3.09,52.62
2017-04-18,3.11,52.46
2017-04-19,3.11,50.49
2017-04-20,3.13,50.26
2017-04-21,3.06,49.64
2017-04-22,3.06,49.64
2017-04-23,3.06,49.64
2017-04-24,3.06,48.9
2017-04-25,2.99,49.22
2017-04-26,3.06,49.22
2017-04-27,3.13,48.96
2017-04-28,3.2,49.31
2017-04-29,3.2,49.31
2017-04-30,3.2,49.31
2017-05-01,3.2,48.83
2017-05-02,3.13,47.65
2017-05-03,3.14,47.79
2017-05-04,3.11,45.55
2017-05-05,3.1,46.23
2017-05-06,3.1,46.23
2017-05-07,3.1,46.23
2017-05-08,3.06,46.46
2017-05-09,3.03,45.84
2017-05-10,3.03,47.28
2017-05-11,3.23,47.81
2017-05-12,3.24,47.83
2017-05-13,3.24,47.83
2017-05-14,3.24,47.83
2017-05-15,3.26,48.86
2017-05-16,3.27,48.64
2017-05-17,3.27,49.04
2017-05-18,3.13,49.36
2017-05-19,3.11,50.32
2017-05-20,3.11,50.32
2017-05-21,3.11,50.32
2017-05-22,3.24,50.81
2017-05-23,3.22,51.12
2017-05-24,3.22,50.99
2017-05-25,3.1,48.57
2017-05-26,3.1,49.58
2017-05-27,3.1,49.58
2017-05-28,3.1,49.58
2017-05-29,3.1,49.58
2017-05-30,3.1,49.63
2017-05-31,3.05,48.29
2017-06-01,3.05,48.32
2017-06-02,2.85,47.68
2017-06-03,2.85,47.68
2017-06-04,2.85,47.68
2017-06-05,2.92,47.4
2017-06-06,2.92,48.13
2017-06-07,3.06,45.8
2017-06-08,2.98,45.68
2017-06-09,3.03,45.82
2017-06-10,3.03,45.82
2017-06-11,3.03,45.82
2017-06-12,3.12,46.1
2017-06-13,3.12,46.41
2017-06-14,2.95,44.79
2017-06-15,2.94,44.47
2017-06-16,3.01,44.73
2017-06-17,3.01,44.73
2017-06-18,3.01,44.73
2017-06-19,2.87,44.24
2017-06-20,2.91,43.34
2017-06-21,2.91,42.48
2017-06-22,2.88,42.53
2017-06-23,2.89,42.86
2017-06-24,2.89,42.86
2017-06-25,2.89,42.86
2017-06-26,2.98,43.24
2017-06-27,2.99,44.25
2017-06-28,3.03,44.74
2017-06-29,3.07,44.88
2017-06-30,2.98,46.02
2017-07-01,2.98,46.02
2017-07-02,2.98,46.02
2017-07-03,2.98,46.02
2017-07-04,2.98,46.02
2017-07-05,2.98,45.11
2017-07-06,2.89,45.52
2017-07-07,2.91,44.25
2017-07-08,2.91,44.25
2017-07-09,2.91,44.25
2017-07-10,2.92,44.4
2017-07-11,2.98,45.06
2017-07-12,3.01,45.48
2017-07-13,2.96,46.06
2017-07-14,2.94,46.53
2017-07-15,2.94,46.53
2017-07-16,2.94,46.53
2017-07-17,3.04,46.02
2017-07-18,3.11,46.4
2017-07-19,3.11,47.1
2017-07-20,3.12,46.73
2017-07-21,3.06,45.78
2017-07-22,3.06,45.78
2017-07-23,3.06,45.78
2017-07-24,2.99,46.21
2017-07-25,2.99,47.77
2017-07-26,2.92,48.58
2017-07-27,2.95,49.05
2017-07-28,2.96,49.72
2017-07-29,2.96,49.72
2017-07-30,2.96,49.72
2017-07-31,2.87,50.21
2017-08-01,2.8,49.19
2017-08-02,2.8,49.6
2017-08-03,2.76,49.03
2017-08-04,2.76,49.57
2017-08-05,2.76,49.57
2017-08-06,2.76,49.57
2017-08-07,2.8,49.37
2017-08-08,2.81,49.07
2017-08-09,2.81,49.59
2017-08-10,2.89,48.54
2017-08-11,2.96,48.81
2017-08-12,2.96,48.81
2017-08-13,2.96,48.81
2017-08-14,3.02,47.59
2017-08-15,2.96,47.57
2017-08-16,2.94,46.8
2017-08-17,2.91,47.07
2017-08-18,2.9,48.59
2017-08-19,2.9,48.59
2017-08-20,2.9,48.59
2017-08-21,3.0,47.39
2017-08-22,3.0,47.65
2017-08-23,2.94,48.45
2017-08-24,2.97,47.24
2017-08-25,2.93,47.65
2017-08-26,2.93,47.65
2017-08-27,2.93,47.65
2017-08-28,2.95,46.4
2017-08-29,2.95,46.46
2017-08-30,2.95,45.96
2017-08-31,2.92,47.26
2017-09-01,2.88,47.32
2017-09-02,2.88,47.32
2017-09-03,2.88,47.32
2017-09-04,2.88,47.32
2017-09-05,2.88,48.63
2017-09-06,2.98,49.13
2017-09-07,2.92,49.1
2017-09-08,2.88,47.44
2017-09-09,2.88,47.44
2017-09-10,2.88,47.44
2017-09-11,2.88,48.06
2017-09-12,2.88,48.21
2017-09-13,3.02,49.3
2017-09-14,3.03,49.86
2017-09-15,3.0,49.9
2017-09-16,3.0,49.9
2017-09-17,3.0,49.9
2017-09-18,3.11,49.88
2017-09-19,3.18,49.54
2017-09-20,3.13,50.29
2017-09-21,3.11,50.58
2017-09-22,2.93,50.33
2017-09-23,2.93,50.33
2017-09-24,2.93,50.33
2017-09-25,2.96,51.85
2017-09-26,2.96,51.59
2017-09-27,2.98,52.14
2017-09-28,2.96,51.62
2017-09-29,2.94,51.67
2017-09-30,2.94,51.67
2017-10-01,2.94,51.67
2017-10-02,2.94,50.59
2017-10-03,2.73,50.44
2017-10-04,2.8,50.0
2017-10-05,2.8,50.79
2017-10-06,2.93,49.34
2017-10-07,2.93,49.34
2017-10-08,2.93,49.34
2017-10-09,2.87,49.58
2017-10-10,2.89,50.93
2017-10-11,2.89,51.3
2017-10-12,2.95,50.61
2017-10-13,2.99,51.43
2017-10-14,2.99,51.43
2017-10-15,2.99,51.43
2017-10-16,2.87,51.86
2017-10-17,2.88,51.87
2017-10-18,2.81,52.05
2017-10-19,2.83,51.29
2017-10-20,2.8,51.63
2017-10-21,2.8,51.63
2017-10-22,2.8,51.63
2017-10-23,2.95,51.91
2017-10-24,2.95,52.32
2017-10-25,2.98,51.97
2017-10-26,2.91,52.41
2017-10-27,2.78,53.92
2017-10-28,2.78,53.92
2017-10-29,2.78,53.92
2017-10-30,2.94,54.11
2017-10-31,2.84,54.36
2017-11-01,2.68,54.32
2017-11-02,2.68,54.55
2017-11-03,2.75,55.63
2017-11-04,2.75,55.63
2017-11-05,2.75,55.63
2017-11-06,3.01,57.34
2017-11-07,3.07,57.19
2017-11-08,3.16,56.82
2017-11-09,3.18,57.16
2017-11-10,3.17,56.75
2017-11-11,3.17,56.75
2017-11-12,3.17,56.75
2017-11-13,3.13,56.77
2017-11-14,3.06,55.67
2017-11-15,3.16,55.28
2017-11-16,3.09,55.14
2017-11-17,3.04,56.21
2017-11-18,3.04,56.21
2017-11-19,3.04,56.21
2017-11-20,3.04,56.21
2017-11-21,3.05,56.84
2017-11-22,3.05,57.88
2017-11-23,3.05,57.88
2017-11-24,3.05,58.94
2017-11-25,3.05,58.94
2017-11-26,3.05,58.94
2017-11-27,2.88,58.1
2017-11-28,2.88,57.96
2017-11-29,3.06,57.25
2017-11-30,3.06,57.4
2017-12-01,2.84,58.35
2017-12-02,2.84,58.35
2017-12-03,2.84,58.35
2017-12-04,2.91,57.48
2017-12-05,2.86,57.66
2017-12-06,2.86,55.79
2017-12-07,2.81,56.5
2017-12-08,2.78,57.15
2017-12-09,2.78,57.15
2017-12-10,2.78,57.15
2017-12-11,2.81,57.84
2017-12-12,2.87,57.12
2017-12-13,2.87,56.59
2017-12-14,2.69,57.0
2017-12-15,2.6,57.29
2017-12-16,2.6,57.29
2017-12-17,2.6,57.29
2017-12-18,2.71,57.17
2017-12-19,2.75,57.49
2017-12-20,2.72,58.09
2017-12-21,2.64,58.34
2017-12-22,2.63,58.25
2017-12-23,2.63,58.25
2017-12-24,2.63,58.25
2017-12-25,2.63,58.25
2017-12-26,2.68,59.55
2017-12-27,2.76,59.67
2017-12-28,2.97,59.84
2017-12-29,3.69,60.46
2017-12-30,3.69,60.46
2017-12-31,3.69,60.46
2018-01-01,3.69,60.46
2018-01-02,6.24,60.37
2018-01-03,6.24,61.61
2018-01-04,4.65,61.98
2018-01-05,4.65,61.49
2018-01-06,4.65,61.49
2018-01-07,4.65,61.49
2018-01-08,2.89,61.73
2018-01-09,2.93,62.92
2018-01-10,3.16,63.6
2018-01-11,3.16,63.81
2018-01-12,4.06,64.22
2018-01-13,4.06,64.22
2018-01-14,4.06,64.22
2018-01-15,4.06,64.22
2018-01-16,5.46,63.82
2018-01-17,3.92,63.92
2018-01-18,3.92,63.96
2018-01-19,3.2,63.38
2018-01-20,3.2,63.38
2018-01-21,3.2,63.38
2018-01-22,3.13,63.66
2018-01-23,3.35,64.45
2018-01-24,3.54,65.69
2018-01-25,3.54,65.62
2018-01-26,3.58,66.27
2018-01-27,3.58,66.27
2018-01-28,3.58,66.27
2018-01-29,3.6,65.71
2018-01-30,3.6,64.64
2018-01-31,3.34,64.82
2018-02-01,3.06,65.92
2018-02-02,2.91,65.5
2018-02-03,2.91,65.5
2018-02-04,2.91,65.5
2018-02-05,2.85,64.18
2018-02-06,2.75,63.48
2018-02-07,2.74,61.91
2018-02-08,2.74,61.3
2018-02-09,2.66,59.2
2018-02-10,2.66,59.2
2018-02-11,2.66,59.2
2018-02-12,2.6,59.41
2018-02-13,2.58,59.33
2018-02-14,2.53,60.7
2018-02-15,2.49,61.48
2018-02-16,2.49,61.89
2018-02-17,2.49,61.89
2018-02-18,2.49,61.89
2018-02-19,2.49,61.89
2018-02-20,2.61,61.91
2018-02-21,2.65,61.73
2018-02-22,2.65,62.72
2018-02-23,2.58,63.52
2018-02-24,2.58,63.52
2018-02-25,2.58,63.52
2018-02-26,2.6,63.81
2018-02-27,2.59,62.94
2018-02-28,2.66,61.43
2018-03-01,2.67,60.98
2018-03-02,2.67,61.19
2018-03-03,2.67,61.19
2018-03-04,2.67,61.19
2018-03-05,2.7,62.49
2018-03-06,2.7,62.54
2018-03-07,2.8,61.09
2018-03-08,2.8,60.13
2018-03-09,2.71,62.02
2018-03-10,2.71,62.02
2018-03-11,2.71,62.02
2018-03-12,2.78,61.35
2018-03-13,2.76,60.69
2018-03-14,2.69,60.89
2018-03-15,2.7,61.16
2018-03-16,2.62,62.29
2018-03-17,2.62,62.29
2018-03-18,2.62,62.29
2018-03-19,2.62,62.01
2018-03-20,2.71,63.37
2018-03-21,2.74,65.1
2018-03-22,2.62,64.25
2018-03-23,2.58,65.8
2018-03-24,2.58,65.8
2018-03-25,2.58,65.8
2018-03-26,2.63,65.49
2018-03-27,2.6,65.21
2018-03-28,2.64,64.3
2018-03-29,2.81,64.87
2018-03-30,2.81,64.87
2018-03-31,2.81,64.87
2018-04-01,2.81,64.87
2018-04-02,2.75,63.05
2018-04-03,2.75,63.41
2018-04-04,2.81,63.35
2018-04-05,2.81,63.53
2018-04-06,2.81,62.03
2018-04-07,2.81,62.03
2018-04-08,2.81,62.03
2018-04-09,2.78,63.4
2018-04-10,2.78,65.48
2018-04-11,2.74,66.81
2018-04-12,2.76,67.07
2018-04-13,2.82,67.35
2018-04-14,2.82,67.35
2018-04-15,2.82,67.35
2018-04-16,2.88,66.23
2018-04-17,2.84,66.5
2018-04-18,2.85,68.44
2018-04-19,2.8,68.3
2018-04-20,2.78,68.26
2018-04-21,2.78,68.26
2018-04-22,2.78,68.26
2018-04-23,2.78,67.61
2018-04-24,2.79,67.66
2018-04-25,2.81,68.0
2018-04-26,2.81,68.18
2018-04-27,2.82,68.11
2018-04-28,2.82,68.11
2018-04-29,2.82,68.11
2018-04-30,2.75,68.56
2018-05-01,2.75,67.28
2018-05-02,2.77,67.91
2018-05-03,2.75,68.45
2018-05-04,2.75,69.71
2018-05-05,2.75,69.71
2018-05-06,2.75,69.71
2018-05-07,2.74,70.74
2018-05-08,2.77,68.83
2018-05-09,2.75,71.16
2018-05-10,2.78,71.36
2018-05-11,2.75,70.69
2018-05-12,2.75,70.69
2018-05-13,2.75,70.69
2018-05-14,2.84,71.01
2018-05-15,2.83,71.34
2018-05-16,2.85,71.43
2018-05-17,2.75,71.47
2018-05-18,2.75,71.23
2018-05-19,2.75,71.23
2018-05-20,2.75,71.23
2018-05-21,2.77,72.26
2018-05-22,2.76,72.09
2018-05-23,2.89,71.85
2018-05-24,2.88,70.77
2018-05-25,2.88,67.92
2018-05-26,2.88,67.92
2018-05-27,2.88,67.92
2018-05-28,2.88,67.92
2018-05-29,2.84,66.8
2018-05-30,2.83,68.24
2018-05-31,2.94,66.98
2018-06-01,2.91,65.81
2018-06-02,2.91,65.81
2018-06-03,2.91,65.81
2018-06-04,2.89,64.76
2018-06-05,2.89,65.51
2018-06-06,2.89,64.75
2018-06-07,3.02,65.96
2018-06-08,2.91,65.77
2018-06-09,2.91,65.77
2018-06-10,2.91,65.77
2018-06-11,3.0,66.1
2018-06-12,2.98,66.38
2018-06-13,2.98,66.63
2018-06-14,2.99,66.91
2018-06-15,3.02,65.01
2018-06-16,3.02,65.01
2018-06-17,3.02,65.01
2018-06-18,2.99,65.91
2018-06-19,2.95,65.09
2018-06-20,2.96,65.92
2018-06-21,3.08,65.68
2018-06-22,2.95,69.02
2018-06-23,2.95,69.02
2018-06-24,2.95,69.02
2018-06-25,2.96,69.91
2018-06-26,2.98,75.23
2018-06-27,3.01,77.41
2018-06-28,2.99,73.45
2018-06-29,2.96,74.13
2018-06-30,2.96,74.13
2018-07-01,2.96,74.13
2018-07-02,2.9,73.89
2018-07-03,2.9,74.19
2018-07-04,2.9,74.19
2018-07-05,2.91,73.05
2018-07-06,2.91,73.78
2018-07-07,2.91,73.78
2018-07-08,2.91,73.78
2018-07-09,2.9,73.93
2018-07-10,2.9,74.11
2018-07-11,2.89,70.47
2018-07-12,2.89,70.28
2018-07-13,2.86,71.03
2018-07-14,2.86,71.03
2018-07-15,2.86,71.03
2018-07-16,2.76,68.22
2018-07-17,2.81,68.03
2018-07-18,2.8,68.78
2018-07-19,2.75,69.42
2018-07-20,2.79,70.31
2018-07-21,2.79,70.31
2018-07-22,2.79,70.31
2018-07-23,2.79,67.9
2018-07-24,2.73,70.77
2018-07-25,2.82,71.13
2018-07-26,2.82,71.59
2018-07-27,2.78,68.66
2018-07-28,2.78,68.66
2018-07-29,2.78,68.66
2018-07-30,2.75,71.19
2018-07-31,2.82,69.88
2018-08-01,2.8,68.8
2018-08-02,2.77,68.95
2018-08-03,2.86,68.49
2018-08-04,2.86,68.49
2018-08-05,2.86,68.49
2018-08-06,2.85,69.01
2018-08-07,2.95,69.17
2018-08-08,2.99,66.92
2018-08-09,3.02,66.81
2018-08-10,2.96,67.61
2018-08-11,2.96,67.61
2018-08-12,2.96,67.61
2018-08-13,2.92,67.25
2018-08-14,3.02,67.04
2018-08-15,3.02,65.07
2018-08-16,3.02,65.44
2018-08-17,3.01,65.93
2018-08-18,3.01,65.93
2018-08-19,3.01,65.93
2018-08-20,3.04,66.5
2018-08-21,3.01,67.32
2018-08-22,3.02,67.85
2018-08-23,3.01,69.13
2018-08-24,2.99,69.71
2018-08-25,2.99,69.71
2018-08-26,2.99,69.71
2018-08-27,2.98,69.97
2018-08-28,2.98,68.54
2018-08-29,2.96,69.68
2018-08-30,2.96,70.25
2018-08-31,2.98,69.84
2018-09-01,2.98,69.84
2018-09-02,2.98,69.84
2018-09-03,2.98,69.84
2018-09-04,2.96,69.82
2018-09-05,3.0,68.69
2018-09-06,2.93,67.81
2018-09-07,2.88,67.73
2018-09-08,2.88,67.73
2018-09-09,2.88,67.73
2018-09-10,2.9,67.55
2018-09-11,2.94,69.29
2018-09-12,2.98,70.37
2018-09-13,2.94,68.6
2018-09-14,2.91,68.98
2018-09-15,2.91,68.98
2018-09-16,2.91,68.98
2018-09-17,2.95,68.86
2018-09-18,3.0,69.87
2018-09-19,3.11,71.08
2018-09-20,3.07,70.77
2018-09-21,3.02,70.8
2018-09-22,3.02,70.8
2018-09-23,3.02,70.8
2018-09-24,3.04,73.23
2018-09-25,3.12,73.4
2018-09-26,3.1,72.22
2018-09-27,3.05,72.18
2018-09-28,3.01,73.16
2018-09-29,3.01,73.16
2018-09-30,3.01,73.16
2018-10-01,3.13,75.37
2018-10-02,3.14,75.16
2018-10-03,3.26,76.4
2018-10-04,3.39,74.44
2018-10-05,3.25,74.26
2018-10-06,3.25,74.26
2018-10-07,3.25,74.26
2018-10-08,3.28,74.27
2018-10-09,3.4,74.95
2018-10-10,3.45,73.18
2018-10-11,3.16,70.97
2018-10-12,3.19,71.41
2018-10-13,3.19,71.41
2018-10-14,3.19,71.41
2018-10-15,3.26,71.84
2018-10-16,3.27,71.93
2018-10-17,3.3,69.63
2018-10-18,3.28,68.63
2018-10-19,3.2,69.16
2018-10-20,3.2,69.16
2018-10-21,3.2,69.16
2018-10-22,3.2,69.25
2018-10-23,3.28,66.49
2018-10-24,3.42,66.56
2018-10-25,3.42,67.25
2018-10-26,3.27,67.58
2018-10-27,3.27,67.58
2018-10-28,3.27,67.58
2018-10-29,3.2,67.0
2018-10-30,3.27,66.18
2018-10-31,3.31,65.31
2018-11-01,3.36,63.67
2018-11-02,3.26,63.12
2018-11-03,3.26,63.12
2018-11-04,3.26,63.12
2018-11-05,3.53,63.12
2018-11-06,3.53,62.16
2018-11-07,3.54,61.69
2018-11-08,3.54,60.71
2018-11-09,3.74,60.19
2018-11-10,3.74,60.19
2018-11-11,3.74,60.19
2018-11-12,3.96,59.85
2018-11-13,4.1,55.63
2018-11-14,4.1,56.16
2018-11-15,4.69,56.45
2018-11-16,4.3,56.49
2018-11-17,4.3,56.49
2018-11-18,4.3,56.49
2018-11-19,4.65,57.16
2018-11-20,4.65,53.39
2018-11-21,4.7,54.41
2018-11-22,4.7,54.41
2018-11-23,4.7,54.41
2018-11-24,4.7,54.41
2018-11-25,4.7,54.41
2018-11-26,4.28,51.46
2018-11-27,4.28,51.31
2018-11-28,4.5,50.06
2018-11-29,4.5,51.46
2018-11-30,4.61,50.78
2018-12-01,4.61,50.78
2018-12-02,4.61,50.78
2018-12-03,4.4,52.98
2018-12-04,4.4,53.21
2018-12-05,4.69,52.64
2018-12-06,4.44,51.54
2018-12-07,4.51,52.76
2018-12-08,4.51,52.76
2018-12-09,4.51,52.76
2018-12-10,4.54,51.07
2018-12-11,4.53,51.65
2018-12-12,4.53,51.04
2018-12-13,4.31,52.69
2018-12-14,3.99,51.26
2018-12-15,3.99,51.26
2018-12-16,3.99,51.26
2018-12-17,3.8,49.8
2018-12-18,3.8,46.12
2018-12-19,3.64,47.96
2018-12-20,3.7,45.64
2018-12-21,3.7,45.38
2018-12-22,3.7,45.38
2018-12-23,3.7,45.38
2018-12-24,3.7,45.38
2018-12-25,3.7,45.38
2018-12-26,3.42,46.04
2018-12-27,3.1,44.48
2018-12-28,3.25,45.15
2018-12-29,3.25,45.15
2018-12-30,3.25,45.15
2018-12-31,3.25,45.15
2019-01-01,3.25,45.15
2019-01-02,3.25,46.31
2019-01-03,2.72,46.92
2019-01-04,2.8,47.76
2019-01-05,2.8,47.76
2019-01-06,2.8,47.76
2019-01-07,2.74,48.27
2019-01-08,2.89,49.58
2019-01-09,2.92,52.19
2019-01-10,2.95,52.42
2019-01-11,2.95,51.44
2019-01-12,2.95,51.44
2019-01-13,2.95,51.44
2019-01-14,3.36,50.31
2019-01-15,3.54,51.8
2019-01-16,3.58,52.08
2019-01-17,3.58,51.83
2019-01-18,3.43,53.6
2019-01-19,3.43,53.6
2019-01-20,3.43,53.6
2019-01-21,3.43,53.6
2019-01-22,3.43,52.59
2019-01-23,3.13,52.44
2019-01-24,3.13,52.94
2019-01-25,3.07,53.53
2019-01-26,3.07,53.53
2019-01-27,3.07,53.53
2019-01-28,3.05,51.79
2019-01-29,2.94,53.07
2019-01-30,3.0,54.18
2019-01-31,2.82,53.84
2019-02-01,2.7,55.29
2019-02-02,2.7,55.29
2019-02-03,2.7,55.29
2019-02-04,2.57,54.57
2019-02-05,2.54,53.69
2019-02-06,2.58,53.94
2019-02-07,2.62,52.68
2019-02-08,2.66,52.75
2019-02-09,2.66,52.75
2019-02-10,2.66,52.75
2019-02-11,2.76,52.43
2019-02-12,2.71,53.14
2019-02-13,2.61,53.84
2019-02-14,2.61,54.4
2019-02-15,2.59,55.58
2019-02-16,2.59,55.58
2019-02-17,2.59,55.58
2019-02-18,2.59,55.58
2019-02-19,2.69,56.12
2019-02-20,2.69,56.9
2019-02-21,2.73,56.95
2019-02-22,2.74,57.01
2019-02-23,2.74,57.01
2019-02-24,2.74,57.01
2019-02-25,2.84,55.32
2019-02-26,2.74,55.4
2019-02-27,2.89,56.92
2019-02-28,2.89,57.21
2019-03-01,3.19,55.76
2019-03-02,3.19,55.76
2019-03-03,3.19,55.76
2019-03-04,4.25,56.6
2019-03-05,3.18,56.55
2019-03-06,3.18,56.22
2019-03-07,2.9,56.6
2019-03-08,2.9,55.77
2019-03-09,2.9,55.77
2019-03-10,2.9,55.77
2019-03-11,2.86,56.79
2019-03-12,2.83,56.89
2019-03-13,2.87,58.27
2019-03-14,2.95,58.59
2019-03-15,2.95,58.51
2019-03-16,2.95,58.51
2019-03-17,2.95,58.51
2019-03-18,2.9,59.09
2019-03-19,2.92,59.12
2019-03-20,2.86,60.12
2019-03-21,2.86,59.98
2019-03-22,2.75,58.87
2019-03-23,2.75,58.87
2019-03-24,2.75,58.87
2019-03-25,2.72,58.71
2019-03-26,2.74,59.87
2019-03-27,2.69,59.39
2019-03-28,2.69,59.29
2019-03-29,2.73,60.19
2019-03-30,2.73,60.19
2019-03-31,2.73,60.19
2019-04-01,2.73,61.59
2019-04-02,2.76,62.53
2019-04-03,2.74,62.46
2019-04-04,2.66,62.12
2019-04-05,2.62,63.1
2019-04-06,2.62,63.1
2019-04-07,2.62,63.1
2019-04-08,2.72,64.37
2019-04-09,2.71,64.05
2019-04-10,2.72,64.62
2019-04-11,2.72,63.61
2019-04-12,2.75,63.86
2019-04-13,2.75,63.86
2019-04-14,2.75,63.86
2019-04-15,2.75,63.43
2019-04-16,2.66,64.01
2019-04-17,2.55,63.74
2019-04-18,2.54,64.02
2019-04-19,2.54,64.02
2019-04-20,2.54,64.02
2019-04-21,2.54,64.02
2019-04-22,2.61,65.66
2019-04-23,2.53,66.24
2019-04-24,2.53,65.96
2019-04-25,2.54,65.23
2019-04-26,2.58,63.29
2019-04-27,2.58,63.29
2019-04-28,2.58,63.29
2019-04-29,2.58,63.39
2019-04-30,2.59,63.83
2019-05-01,2.59,63.55
2019-05-02,2.63,61.75
2019-05-03,2.59,61.98
2019-05-04,2.59,61.98
2019-05-05,2.59,61.98
2019-05-06,2.54,62.3
2019-05-07,2.54,61.41
2019-05-08,2.64,62.13
2019-05-09,2.62,61.58
2019-05-10,2.64,61.65
2019-05-11,2.64,61.65
2019-05-12,2.64,61.65
2019-05-13,2.71,60.97
2019-05-14,2.7,61.82
2019-05-15,2.69,62.03
2019-05-16,2.62,62.93
2019-05-17,2.61,62.77
2019-05-18,2.61,62.77
2019-05-19,2.61,62.77
2019-05-20,2.7,63.12
2019-05-21,2.73,63.02
2019-05-22,2.73,61.42
2019-05-23,2.56,57.65
2019-05-24,2.6,58.4
2019-05-25,2.6,58.4
2019-05-26,2.6,58.4
2019-05-27,2.6,58.4
2019-05-28,2.65,58.91
2019-05-29,2.69,58.84
2019-05-30,2.69,56.47
2019-05-31,2.59,53.49
2019-06-01,2.59,53.49
2019-06-02,2.59,53.49
2019-06-03,2.5,53.25
2019-06-04,2.45,53.5
2019-06-05,2.45,51.57
2019-06-06,2.4,52.59
2019-06-07,2.43,53.95
2019-06-08,2.43,53.95
2019-06-09,2.43,53.95
2019-06-10,2.42,53.33
2019-06-11,2.41,53.3
2019-06-12,2.43,51.13
2019-06-13,2.43,52.38
2019-06-14,2.37,52.47
2019-06-15,2.37,52.47
2019-06-16,2.37,52.47
2019-06-17,2.46,51.94
2019-06-18,2.44,53.86
2019-06-19,2.43,53.74
2019-06-20,2.38,56.88
2019-06-21,2.27,57.35
2019-06-22,2.27,57.35
2019-06-23,2.27,57.35
2019-06-24,2.31,57.73
2019-06-25,2.31,57.63
2019-06-26,2.34,59.17
2019-06-27,2.32,59.18
2019-06-28,2.42,58.2
2019-06-29,2.42,58.2
2019-06-30,2.42,58.2
2019-07-01,2.33,58.91
2019-07-02,2.3,56.0
2019-07-03,2.29,57.06
2019-07-04,2.29,57.06
2019-07-05,2.29,57.06
2019-07-06,2.29,57.06
2019-07-07,2.29,57.06
2019-07-08,2.39,57.35
2019-07-09,2.41,57.57
2019-07-10,2.49,60.28
2019-07-11,2.54,59.93
2019-07-12,2.54,59.99
2019-07-13,2.54,59.99
2019-07-14,2.54,59.99
2019-07-15,2.53,59.3
2019-07-16,2.53,57.44
2019-07-17,2.44,56.5
2019-07-18,2.38,55.08
2019-07-19,2.3,55.42
2019-07-20,2.3,55.42
2019-07-21,2.3,55.42
2019-07-22,2.33,55.87
2019-07-23,2.34,56.58
2019-07-24,2.33,55.9
2019-07-25,2.26,55.88
2019-07-26,2.23,56.04
2019-07-27,2.23,56.04
2019-07-28,2.23,56.04
2019-07-29,2.23,56.85
2019-07-30,2.22,58.04
2019-07-31,2.28,58.53
2019-08-01,2.36,53.64
2019-08-02,2.12,55.67
2019-08-03,2.12,55.67
2019-08-04,2.12,55.67
2019-08-05,2.02,54.63
2019-08-06,2.15,53.6
2019-08-07,2.18,51.14
2019-08-08,2.13,52.6
2019-08-09,2.09,54.41
2019-08-10,2.09,54.41
2019-08-11,2.09,54.41
2019-08-12,2.21,54.98
2019-08-13,2.24,57.05
2019-08-14,2.22,55.16
2019-08-15,2.19,54.51
2019-08-16,2.2,54.83
2019-08-17,2.2,54.83
2019-08-18,2.2,54.83
2019-08-19,2.26,56.24
2019-08-20,2.35,56.18
2019-08-21,2.31,55.65
2019-08-22,2.28,55.33
2019-08-23,2.15,54.08
2019-08-24,2.15,54.08
2019-08-25,2.15,54.08
2019-08-26,2.23,53.54
2019-08-27,2.24,54.99
2019-08-28,2.24,55.76
2019-08-29,2.36,56.67
2019-08-30,2.33,55.07
2019-08-31,2.33,55.07
2019-09-01,2.33,55.07
2019-09-02,2.33,55.07
2019-09-03,2.39,53.91
2019-09-04,2.48,56.22
2019-09-05,2.49,56.33
2019-09-06,2.49,56.45
2019-09-07,2.49,56.45
2019-09-08,2.49,56.45
2019-09-09,2.65,57.88
2019-09-10,2.67,57.37
2019-09-11,2.63,55.66
2019-09-12,2.62,55.13
2019-09-13,2.61,54.76
2019-09-14,2.61,54.76
2019-09-15,2.61,54.76
2019-09-16,2.75,63.1
2019-09-17,2.7,59.26
2019-09-18,2.72,58.19
2019-09-19,2.65,58.19
2019-09-20,2.34,57.92
2019-09-21,2.34,57.92
2019-09-22,2.34,57.92
2019-09-23,2.55,58.69
2019-09-24,2.55,57.22
2019-09-25,2.54,56.38
2019-09-26,2.57,56.24
2019-09-27,2.41,55.95
2019-09-28,2.41,55.95
2019-09-29,2.41,55.95
2019-09-30,2.37,54.09
2019-10-01,2.36,53.6
2019-10-02,2.36,52.67
2019-10-03,2.31,52.41
2019-10-04,2.25,52.84
2019-10-05,2.25,52.84
2019-10-06,2.25,52.84
2019-10-07,2.36,52.76
2019-10-08,2.29,52.64
2019-10-09,2.26,52.63
2019-10-10,2.26,53.57
2019-10-11,2.13,54.76
2019-10-12,2.13,54.76
2019-10-13,2.13,54.76
2019-10-14,2.13,53.57
2019-10-15,2.29,52.81
2019-10-16,2.44,53.42
2019-10-17,2.29,53.89
2019-10-18,2.08,53.75
2019-10-19,2.08,53.75
2019-10-20,2.08,53.75
2019-10-21,2.13,53.28
2019-10-22,2.21,54.21
2019-10-23,2.34,55.9
2019-10-24,2.33,56.11
2019-10-25,2.26,56.52
2019-10-26,2.26,56.52
2019-10-27,2.26,56.52
2019-10-28,2.49,55.6
2019-10-29,2.61,55.34
2019-10-30,2.71,54.85
2019-10-31,2.73,54.02
2019-11-01,2.54,56.04
2019-11-02,2.54,56.04
2019-11-03,2.54,56.04
2019-11-04,2.77,56.33
2019-11-05,2.77,57.04
2019-11-06,2.82,56.15
2019-11-07,2.84,56.91
2019-11-08,2.87,57.02
2019-11-09,2.87,57.02
2019-11-10,2.87,57.02
2019-11-11,2.87,57.02
2019-11-12,2.72,56.67
2019-11-13,2.66,56.88
2019-11-14,2.68,56.57
2019-11-15,2.7,57.54
2019-11-16,2.7,57.54
2019-11-17,2.7,57.54
2019-11-18,2.64,56.82
2019-11-19,2.53,54.93
2019-11-20,2.56,56.71
2019-11-21,2.53,58.36
2019-11-22,2.62,57.68
2019-11-23,2.62,57.68
2019-11-24,2.62,57.68
2019-11-25,2.51,57.79
2019-11-26,2.51,58.25
2019-11-27,2.46,58.12
2019-11-28,2.46,58.12
2019-11-29,2.46,58.12
2019-11-30,2.46,58.12
2019-12-01,2.46,58.12
2019-12-02,2.29,55.97
2019-12-03,2.42,56.15
2019-12-04,2.43,58.46
2019-12-05,2.42,58.42
2019-12-06,2.31,59.2
2019-12-07,2.31,59.2
2019-12-08,2.31,59.2
2019-12-09,2.17,58.99
2019-12-10,2.18,59.22
2019-12-11,2.28,58.74
2019-12-12,2.28,59.18
2019-12-13,2.28,60.11
2019-12-14,2.28,60.11
2019-12-15,2.28,60.11
2019-12-16,2.34,60.21
2019-12-17,2.3,60.88
2019-12-18,2.26,60.93
2019-12-19,2.21,61.3
2019-12-20,2.27,60.43
2019-12-21,2.27,60.43
2019-12-22,2.27,60.43
2019-12-23,2.17,60.51
2019-12-24,2.11,61.17
2019-12-25,2.11,61.17
2019-12-26,2.09,61.72
2019-12-27,1.75,61.76
2019-12-28,1.75,61.76
2019-12-29,1.75,61.76
2019-12-30,2.06,61.66
2019-12-31,2.09,61.14
2020-01-01,2.09,61.14
2020-01-02,2.05,61.17
2020-01-03,2.06,63.0
2020-01-04,2.06,63.0
2020-01-05,2.06,63.0
2020-01-06,2.1,63.27
2020-01-07,2.17,62.7
2020-01-08,2.09,59.65
2020-01-09,2.05,59.56
2020-01-10,2.05,59.02
2020-01-11,2.05,59.02
2020-01-12,2.05,59.02
2020-01-13,2.03,58.17
2020-01-14,2.15,58.34
2020-01-15,2.01,57.86
2020-01-16,2.06,58.52
2020-01-17,2.07,58.55
2020-01-18,2.07,58.55
2020-01-19,2.07,58.55
2020-01-20,2.07,58.55
2020-01-21,1.98,58.25
2020-01-22,1.89,56.76
2020-01-23,1.95,55.51
2020-01-24,1.91,54.09
2020-01-25,1.91,54.09
2020-01-26,1.91,54.09
2020-01-27,2.03,53.09
2020-01-28,1.96,53.33
2020-01-29,1.93,53.29
2020-01-30,1.94,52.19
2020-01-31,1.91,51.58
2020-02-01,1.91,51.58
2020-02-02,1.91,51.58
2020-02-03,1.9,50.06
2020-02-04,1.89,49.59
2020-02-05,1.89,50.87
2020-02-06,1.86,50.94
2020-02-07,1.93,50.34
2020-02-08,1.93,50.34
2020-02-09,1.93,50.34
2020-02-10,1.85,49.59
2020-02-11,1.85,50.0
2020-02-12,1.91,51.13
2020-02-13,1.95,51.41
2020-02-14,1.93,52.03
2020-02-15,1.93,52.03
2020-02-16,1.93,52.03
2020-02-17,1.93,52.03
2020-02-18,2.04,52.1
2020-02-19,2.01,53.31
2020-02-20,1.98,53.77
2020-02-21,1.96,53.36
2020-02-22,1.96,53.36
2020-02-23,1.96,53.36
2020-02-24,1.94,51.36
2020-02-25,1.93,49.78
2020-02-26,1.96,48.67
2020-02-27,1.78,47.17
2020-02-28,1.79,44.83
2020-02-29,1.79,44.83
2020-03-01,1.79,44.83
2020-03-02,1.75,46.78
2020-03-03,1.78,47.27
2020-03-04,1.83,46.78
2020-03-05,1.89,45.9
2020-03-06,1.76,41.14
2020-03-07,1.76,41.14
2020-03-08,1.76,41.14
2020-03-09,1.74,31.05
2020-03-10,1.91,34.47
2020-03-11,1.96,33.13
2020-03-12,1.82,31.56
2020-03-13,1.94,31.72
2020-03-14,1.94,31.72
2020-03-15,1.94,31.72
2020-03-16,1.89,28.96
2020-03-17,1.89,26.96
2020-03-18,1.73,20.48
2020-03-19,1.68,25.09
2020-03-20,1.76,19.48
2020-03-21,1.76,19.48
2020-03-22,1.76,19.48
2020-03-23,1.7,23.33
2020-03-24,1.73,21.03
2020-03-25,1.8,20.75
2020-03-26,1.73,16.6
2020-03-27,1.7,15.48
2020-03-28,1.7,15.48
2020-03-29,1.7,15.48
2020-03-30,1.65,14.1
2020-03-31,1.71,20.51
2020-04-01,1.69,20.28
2020-04-02,1.55,25.18
2020-04-03,1.5,28.36
2020-04-04,1.5,28.36
2020-04-05,1.5,28.36
2020-04-06,1.64,26.21
2020-04-07,1.83,23.54
2020-04-08,1.86,24.97
2020-04-09,1.74,22.9
2020-04-10,1.74,22.9
2020-04-11,1.74,22.9
2020-04-12,1.74,22.9
2020-04-13,1.86,22.36
2020-04-14,1.76,20.15
2020-04-15,1.68,19.96
2020-04-16,1.59,19.82
2020-04-17,1.71,18.31
2020-04-18,1.71,18.31
2020-04-19,1.71,18.31
2020-04-20,1.78,-36.98
2020-04-21,1.92,8.91
2020-04-22,1.9,13.64
2020-04-23,1.86,15.06
2020-04-24,1.81,15.99
2020-04-25,1.81,15.99
2020-04-26,1.81,15.99
2020-04-27,1.68,12.17
2020-04-28,1.8,12.4
2020-04-29,1.73,15.04
2020-04-30,1.63,19.23
2020-05-01,1.69,19.72
2020-05-02,1.69,19.72
2020-05-03,1.69,19.72
2020-05-04,1.78,20.47
2020-05-05,1.93,24.56
2020-05-06,1.9,23.88
2020-05-07,1.84,23.68
2020-05-08,1.74,24.73
2020-05-09,1.74,24.73
2020-05-10,1.74,24.73
2020-05-11,1.7,24.02
2020-05-12,1.61,25.76
2020-05-13,1.56,25.37
2020-05-14,1.6,27.4
2020-05-15,1.66,29.44
2020-05-16,1.66,29.44
2020-05-17,1.66,29.44
2020-05-18,1.77,31.83
2020-05-19,1.85,32.3
2020-05-20,1.83,33.56
2020-05-21,1.75,34.3
2020-05-22,1.7,33.49
2020-05-23,1.7,33.49
2020-05-24,1.7,33.49
2020-05-25,1.7,33.49
2020-05-26,1.79,34.7
2020-05-27,1.78,32.8
2020-05-28,1.79,33.67
2020-05-29,1.7,35.57
2020-05-30,1.7,35.57
2020-05-31,1.7,35.57
2020-06-01,1.59,35.49
2020-06-02,1.58,36.88
2020-06-03,1.84,37.33
2020-06-04,1.68,37.42
2020-06-05,1.8,39.49
2020-06-06,1.8,39.49
2020-06-07,1.8,39.49
2020-06-08,1.68,38.17
2020-06-09,1.68,38.98
2020-06-10,1.72,39.54
2020-06-11,1.77,36.43
2020-06-12,1.67,36.24
2020-06-13,1.67,36.24
2020-06-14,1.67,36.24
2020-06-15,1.64,37.07
2020-06-16,1.43,38.26
2020-06-17,1.55,37.91
2020-06-18,1.51,38.79
2020-06-19,1.49,39.72
2020-06-20,1.49,39.72
2020-06-21,1.49,39.72
2020-06-22,1.64,40.6
2020-06-23,1.61,40.4
2020-06-24,1.64,37.91
2020-06-25,1.53,38.66
2020-06-26,1.42,38.53
2020-06-27,1.42,38.53
2020-06-28,1.42,38.53
2020-06-29,1.67,39.67
2020-06-30,1.76,39.27
2020-07-01,1.69,39.88
2020-07-02,1.58,40.57
2020-07-03,1.58,40.57
2020-07-04,1.58,40.57
2020-07-05,1.58,40.57
2020-07-06,1.71,40.51
2020-07-07,1.76,40.59
2020-07-08,1.78,40.91
2020-07-09,1.88,39.64
2020-07-10,1.79,40.56
2020-07-11,1.79,40.56
2020-07-12,1.79,40.56
2020-07-13,1.75,40.06
2020-07-14,1.74,40.3
2020-07-15,1.76,41.2
2020-07-16,1.79,40.74
2020-07-17,1.79,40.55
2020-07-18,1.79,40.55
2020-07-19,1.79,40.55
2020-07-20,1.71,40.83
2020-07-21,1.66,41.76
2020-07-22,1.69,41.88
2020-07-23,1.75,40.99
2020-07-24,1.77,41.23
2020-07-25,1.77,41.23
2020-07-26,1.77,41.23
2020-07-27,1.85,41.46
2020-07-28,1.83,40.89
2020-07-29,1.77,41.13
2020-07-30,1.81,39.85
2020-07-31,1.83,40.1
2020-08-01,1.83,40.1
2020-08-02,1.83,40.1
2020-08-03,1.95,40.83
2020-08-04,2.07,41.67
2020-08-05,2.23,42.25
2020-08-06,2.26,41.93
2020-08-07,2.15,41.16
2020-08-08,2.15,41.16
2020-08-09,2.15,41.16
2020-08-10,2.18,41.94
2020-08-11,2.19,41.53
2020-08-12,2.05,42.6
2020-08-13,2.19,42.26
2020-08-14,2.23,42.05
2020-08-15,2.23,42.05
2020-08-16,2.23,42.05
2020-08-17,2.32,42.89
2020-08-18,2.45,42.89
2020-08-19,2.43,42.91
2020-08-20,2.35,42.62
2020-08-21,2.39,42.32
2020-08-22,2.39,42.32
2020-08-23,2.39,42.32
2020-08-24,2.57,42.44
2020-08-25,2.54,43.17
2020-08-26,2.52,43.21
2020-08-27,2.52,42.88
2020-08-28,2.46,42.96
2020-08-29,2.46,42.96
2020-08-30,2.46,42.96
2020-08-31,2.3,42.61
2020-09-01,2.22,42.76
2020-09-02,2.15,42.76
2020-09-03,2.32,41.39
2020-09-04,1.8,39.69
2020-09-05,1.8,39.69
2020-09-06,1.8,39.69
2020-09-07,1.8,39.69
2020-09-08,2.35,36.87
2020-09-09,2.21,38.05
2020-09-10,2.13,37.25
2020-09-11,1.93,37.33
2020-09-12,1.93,37.33
2020-09-13,1.93,37.33
2020-09-14,2.18,37.23
2020-09-15,2.19,38.29
2020-09-16,2.06,40.17
2020-09-17,1.65,40.99
2020-09-18,1.56,41.09
2020-09-19,1.56,41.09
2020-09-20,1.56,41.09
2020-09-21,1.33,39.26
2020-09-22,1.49,39.55
2020-09-23,1.74,39.92
2020-09-24,1.93,40.11
2020-09-25,1.9,40.06
2020-09-26,1.9,40.06
2020-09-27,1.9,40.06
2020-09-28,1.83,40.47
2020-09-29,1.74,39.03
2020-09-30,1.66,40.05
2020-10-01,1.6,38.51
2020-10-02,1.41,36.9
2020-10-03,1.41,36.9
2020-10-04,1.41,36.9
2020-10-05,1.92,39.12
2020-10-06,1.86,40.52
2020-10-07,2.01,39.82
2020-10-08,1.49,41.04
2020-10-09,2.25,40.44
2020-10-10,2.25,40.44
2020-10-11,2.25,40.44
2020-10-12,2.31,39.22
2020-10-13,2.14,40.03
2020-10-14,2.02,40.86
2020-10-15,2.23,40.84
2020-10-16,2.16,40.7
2020-10-17,2.16,40.7
2020-10-18,2.16,40.7
2020-10-19,2.3,40.69
2020-10-20,2.57,41.37
2020-10-21,2.95,39.88
2020-10-22,2.99,40.46
2020-10-23,2.91,39.73
2020-10-24,2.91,39.73
2020-10-25,2.91,39.73
2020-10-26,3.14,38.39
2020-10-27,3.07,39.34
2020-10-28,3.14,37.27
2020-10-29,3.06,35.94
2020-10-30,3.03,35.64
2020-10-31,3.03,35.64
2020-11-01,3.03,35.64
2020-11-02,3.03,36.6
2020-11-03,2.88,37.44
2020-11-04,2.63,38.97
2020-11-05,2.69,38.56
2020-11-06,2.67,36.97
2020-11-07,2.67,36.97
2020-11-08,2.67,36.97
2020-11-09,2.63,40.05
2020-11-10,2.74,41.18
2020-11-11,2.75,41.23
2020-11-12,2.81,40.9
2020-11-13,2.82,39.93
2020-11-14,2.82,39.93
2020-11-15,2.82,39.93
2020-11-16,2.62,41.14
2020-11-17,2.55,41.24
2020-11-18,2.37,41.64
2020-11-19,2.19,41.57
2020-11-20,2.22,41.99
2020-11-21,2.22,41.99
2020-11-22,2.22,41.99
2020-11-23,2.23,42.91
2020-11-24,2.47,44.71
2020-11-25,2.47,45.58
2020-11-26,2.47,45.58
2020-11-27,2.47,45.58
2020-11-28,2.47,45.58
2020-11-29,2.47,45.58
2020-11-30,2.89,45.2
2020-12-01,2.89,44.54
2020-12-02,2.75,45.23
2020-12-03,2.46,45.65
2020-12-04,2.48,46.23
2020-12-05,2.48,46.23
2020-12-06,2.48,46.23
2020-12-07,2.39,45.72
2020-12-08,2.36,45.64
2020-12-09,2.45,45.48
2020-12-10,2.45,46.76
2020-12-11,2.54,46.59
2020-12-12,2.54,46.59
2020-12-13,2.54,46.59
2020-12-14,2.69,47.02
2020-12-15,2.63,47.58
2020-12-16,2.73,47.86
2020-12-17,2.7,48.34
2020-12-18,2.73,49.04
2020-12-19,2.73,49.04
2020-12-20,2.73,49.04
2020-12-21,2.68,47.79
2020-12-22,2.76,47.02
2020-12-23,2.76,47.94
2020-12-24,2.68,48.18
2020-12-25,2.68,48.18
2020-12-26,2.68,48.18
2020-12-27,2.68,48.18
2020-12-28,2.39,47.5
2020-12-29,2.4,47.85
2020-12-30,2.36,48.24
2020-12-31,2.39,48.35
2021-01-01,2.39,48.35
2021-01-02,2.39,48.35
2021-01-03,2.39,48.35
2021-01-04,2.6,47.47
2021-01-05,2.77,49.78
2021-01-06,2.76,50.45
2021-01-07,2.81,50.63
2021-01-08,2.77,52.14
2021-01-09,2.77,52.14
2021-01-10,2.77,52.14
2021-01-11,2.71,52.15
2021-01-12,2.89,53.08
2021-01-13,2.82,52.81
2021-01-14,2.82,53.47
2021-01-15,2.86,52.25
2021-01-16,2.86,52.25
2021-01-17,2.86,52.25
2021-01-18,2.86,52.25
2021-01-19,2.65,52.87
2021-01-20,2.57,53.16
2021-01-21,2.49,53.0
2021-01-22,2.45,52.28
2021-01-23,2.45,52.28
2021-01-24,2.45,52.28
2021-01-25,2.63,52.78
2021-01-26,2.73,52.61
2021-01-27,2.77,52.81
2021-01-28,2.76,52.26
2021-01-29,2.68,52.16
2021-01-30,2.68,52.16
2021-01-31,2.68,52.16
2021-02-01,2.88,53.55
2021-02-02,3.24,54.77
2021-02-03,3.01,55.67
2021-02-04,2.99,56.19
2021-02-05,3.49,56.8
2021-02-06,3.49,56.8
2021-02-07,3.49,56.8
2021-02-08,3.4,57.95
2021-02-09,3.35,58.34
2021-02-10,3.76,58.69
2021-02-11,6.5,58.22
2021-02-12,6.12,59.5
2021-02-13,6.12,59.5
2021-02-14,6.12,59.5
2021-02-15,6.12,59.5
2021-02-16,11.32,60.07
2021-02-17,23.86,61.09
2021-02-18,8.56,60.4
2021-02-19,4.96,59.12
2021-02-20,4.96,59.12
2021-02-21,4.96,59.12
2021-02-22,3.16,61.67
2021-02-23,2.94,61.66
2021-02-24,2.8,63.21
2021-02-25,2.72,63.43
2021-02-26,2.66,61.55
2021-02-27,2.66,61.55
2021-02-28,2.66,61.55
2021-03-01,2.7,60.54
2021-03-02,2.87,59.7
2021-03-03,2.86,61.33
2021-03-04,2.79,63.81
2021-03-05,2.72,66.08
2021-03-06,2.72,66.08
2021-03-07,2.72,66.08
2021-03-08,2.67,65.03
2021-03-09,2.62,64.02
2021-03-10,2.62,64.45
2021-03-11,2.7,66.02
2021-03-12,2.65,65.59
2021-03-13,2.65,65.59
2021-03-14,2.65,65.59
2021-03-15,2.58,65.36
2021-03-16,2.5,64.82
2021-03-17,2.6,64.55
2021-03-18,2.45,59.95
2021-03-19,2.53,61.43
2021-03-20,2.53,61.43
2021-03-21,2.53,61.43
2021-03-22,2.55,61.48
2021-03-23,2.56,57.75
2021-03-24,2.56,61.12
2021-03-25,2.52,58.47
2021-03-26,2.52,60.93
2021-03-27,2.52,60.93
2021-03-28,2.52,60.93
2021-03-29,2.58,61.49
2021-03-30,2.55,60.55
2021-03-31,2.52,59.19
2021-04-01,2.52,61.41
2021-04-02,2.52,61.41
2021-04-03,2.52,61.41
2021-04-04,2.52,61.41
2021-04-05,2.43,58.73
2021-04-06,2.44,59.34
2021-04-07,2.43,59.77
2021-04-08,2.47,59.61
2021-04-09,2.48,59.29
2021-04-10,2.48,59.29
2021-04-11,2.48,59.29
2021-04-12,2.5,59.7
2021-04-13,2.57,60.2
2021-04-14,2.65,63.15
2021-04-15,2.62,63.42
2021-04-16,2.63,63.16
2021-04-17,2.63,63.16
2021-04-18,2.63,63.16
2021-04-19,2.75,63.33
2021-04-20,2.76,62.61
2021-04-21,2.72,61.34
2021-04-22,2.77,61.45
2021-04-23,2.79,62.18
2021-04-24,2.79,62.18
2021-04-25,2.79,62.18
2021-04-26,2.73,62.02
2021-04-27,2.91,63.03
2021-04-28,2.98,63.81
2021-04-29,2.91,65.0
2021-04-30,2.86,63.5
2021-05-01,2.86,63.5
2021-05-02,2.86,63.5
2021-05-03,2.96,64.46
2021-05-04,3.0,65.72
2021-05-05,2.99,65.63
2021-05-06,2.9,64.73
2021-05-07,2.9,64.96
2021-05-08,2.9,64.96
2021-05-09,2.9,64.96
2021-05-10,2.93,64.92
2021-05-11,2.91,65.31
2021-05-12,2.91,65.96
2021-05-13,2.95,63.82
2021-05-14,2.95,65.32
2021-05-15,2.95,65.32
2021-05-16,2.95,65.32
2021-05-17,2.99,66.24
2021-05-18,2.96,65.49
2021-05-19,2.88,63.28
2021-05-20,2.86,61.95
2021-05-21,2.84,63.61
2021-05-22,2.84,63.61
2021-05-23,2.84,63.61
2021-05-24,2.78,66.13
2021-05-25,2.87,66.27
2021-05-26,2.91,66.41
2021-05-27,2.85,66.87
2021-05-28,2.91,66.31
2021-05-29,2.91,66.31
2021-05-30,2.91,66.31
2021-05-31,2.91,66.31
2021-06-01,3.02,67.8
2021-06-02,3.09,68.79
2021-06-03,3.01,68.81
2021-06-04,3.01,69.57
2021-06-05,3.01,69.57
2021-06-06,3.01,69.57
2021-06-07,2.98,69.21
2021-06-08,3.11,70.11
2021-06-09,3.13,69.9
2021-06-10,3.13,70.34
2021-06-11,3.23,71.0
2021-06-12,3.23,71.0
2021-06-13,3.23,71.0
2021-06-14,3.36,70.94
2021-06-15,3.31,72.06
2021-06-16,3.25,72.03
2021-06-17,3.24,71.06
2021-06-18,3.23,71.64
2021-06-19,3.23,71.64
2021-06-20,3.23,71.64
2021-06-21,3.15,73.64
2021-06-22,3.21,73.15
2021-06-23,3.36,73.11
2021-06-24,3.3,73.31
2021-06-25,3.4,74.21
2021-06-26,3.4,74.21
2021-06-27,3.4,74.21
2021-06-28,3.62,72.98
2021-06-29,3.75,73.14
2021-06-30,3.79,73.52
2021-07-01,3.76,75.33
2021-07-02,3.67,75.37
2021-07-03,3.67,75.37
2021-07-04,3.67,75.37
2021-07-05,3.67,75.37
2021-07-06,3.68,73.62
2021-07-07,3.66,72.22
2021-07-08,3.56,72.98
2021-07-09,3.71,74.56
2021-07-10,3.71,74.56
2021-07-11,3.71,74.56
2021-07-12,3.7,74.21
2021-07-13,3.78,75.24
2021-07-14,3.8,73.06
2021-07-15,3.68,71.67
2021-07-16,3.7,71.76
2021-07-17,3.7,71.76
2021-07-18,3.7,71.76
2021-07-19,3.75,66.45
2021-07-20,3.82,67.32
2021-07-21,3.94,70.26
2021-07-22,4.02,72.15
2021-07-23,4.11,72.24
2021-07-24,4.11,72.24
2021-07-25,4.11,72.24
2021-07-26,4.09,72.15
2021-07-27,4.15,71.68
2021-07-28,4.1,72.37
2021-07-29,4.03,73.62
2021-07-30,3.94,73.93
2021-07-31,3.94,73.93
2021-08-01,3.94,73.93
2021-08-02,4.02,71.31
2021-08-03,4.06,70.64
2021-08-04,4.2,68.19
2021-08-05,4.27,69.1
2021-08-06,4.21,68.26
2021-08-07,4.21,68.26
2021-08-08,4.21,68.26
2021-08-09,4.24,66.56
2021-08-10,4.12,68.33
2021-08-11,4.07,69.3
2021-08-12,4.1,69.12
2021-08-13,3.95,68.36
2021-08-14,3.95,68.36
2021-08-15,3.95,68.36
2021-08-16,3.93,67.44
2021-08-17,3.92,66.5
2021-08-18,3.86,65.36
2021-08-19,3.83,63.69
2021-08-20,3.94,62.25
2021-08-21,3.94,62.25
2021-08-22,3.94,62.25
2021-08-23,3.93,65.65
2021-08-24,3.95,67.5
2021-08-25,4.03,68.54
2021-08-26,4.07,67.42
2021-08-27,4.35,68.84
2021-08-28,4.35,68.84
2021-08-29,4.35,68.84
2021-08-30,4.25,69.28
2021-08-31,4.33,68.43
2021-09-01,4.45,68.63
2021-09-02,4.65,70.07
2021-09-03,4.77,69.34
2021-09-04,4.77,69.34
2021-09-05,4.77,69.34
2021-09-06,4.77,69.34
2021-09-07,4.71,68.49
2021-09-08,4.66,69.36
2021-09-09,4.97,68.26
2021-09-10,5.13,69.82
2021-09-11,5.13,69.82
2021-09-12,5.13,69.82
2021-09-13,5.21,70.54
2021-09-14,5.39,70.53
2021-09-15,5.66,72.59
2021-09-16,5.52,72.69
2021-09-17,5.32,72.09
2021-09-18,5.32,72.09
2021-09-19,5.32,72.09
2021-09-20,5.25,70.41
2021-09-21,4.96,70.51
2021-09-22,4.92,72.37
2021-09-23,4.94,73.43
2021-09-24,5.1,74.18
2021-09-25,5.1,74.18
2021-09-26,5.1,74.18
2021-09-27,5.53,75.54
2021-09-28,5.94,75.44
2021-09-29,5.73,75.06
2021-09-30,5.58,75.22
2021-10-01,5.61,76.01
2021-10-02,5.61,76.01
2021-10-03,5.61,76.01
2021-10-04,5.8,77.68
2021-10-05,6.37,79.17
2021-10-06,6.0,77.66
2021-10-07,5.71,78.46
2021-10-08,5.46,79.55
2021-10-09,5.46,79.55
2021-10-10,5.46,79.55
2021-10-11,5.46,80.64
2021-10-12,5.34,80.75
2021-10-13,5.56,80.67
2021-10-14,5.92,81.43
2021-10-15,5.44,82.39
2021-10-16,5.44,82.39
2021-10-17,5.44,82.39
2021-10-18,5.01,82.62
2021-10-19,4.81,83.19
2021-10-20,4.87,84.4
2021-10-21,4.94,82.64
2021-10-22,5.1,84.53
2021-10-23,5.1,84.53
2021-10-24,5.1,84.53
2021-10-25,5.72,84.64
2021-10-26,5.59,85.64
2021-10-27,5.91,82.66
2021-10-28,5.68,82.78
2021-10-29,5.49,83.5
2021-10-30,5.49,83.5
2021-10-31,5.49,83.5
2021-11-01,5.22,84.08
2021-11-02,5.33,83.91
2021-11-03,5.59,80.82
2021-11-04,5.73,78.88
2021-11-05,5.51,81.25
2021-11-06,5.51,81.25
2021-11-07,5.51,81.25
2021-11-08,5.53,81.96
2021-11-09,5.08,84.12
2021-11-10,4.56,81.23
2021-11-11,4.81,81.47
2021-11-12,4.97,80.87
2021-11-13,4.97,80.87
2021-11-14,4.97,80.87
2021-11-15,4.77,80.85
2021-11-16,5.11,80.76
2021-11-17,4.82,78.32
2021-11-18,4.95,78.92
2021-11-19,4.9,76.11
2021-11-20,4.9,76.11
2021-11-21,4.9,76.11
2021-11-22,4.83,76.74
2021-11-23,4.95,78.32
2021-11-24,4.93,78.32
2021-11-25,4.93,78.32
2021-11-26,4.93,78.32
2021-11-27,4.93,78.32
2021-11-28,4.93,78.32
2021-11-29,4.9,69.88
2021-11-30,4.52,66.14
2021-12-01,4.31,65.44
2021-12-02,4.08,66.6
2021-12-03,3.79,66.39
2021-12-04,3.79,66.39
2021-12-05,3.79,66.39
2021-12-06,3.66,69.62
2021-12-07,3.6,71.94
2021-12-08,3.79,72.43
2021-12-09,3.67,70.87
2021-12-10,3.65,71.71
2021-12-11,3.65,71.71
2021-12-12,3.65,71.71
2021-12-13,4.05,71.19
2021-12-14,3.71,70.57
2021-12-15,3.79,70.89
2021-12-16,3.67,72.34
2021-12-17,3.71,70.93
2021-12-18,3.71,70.93
2021-12-19,3.71,70.93
2021-12-20,3.91,68.69
2021-12-21,3.96,71.1
2021-12-22,3.95,72.82
2021-12-23,3.56,73.89
2021-12-24,3.56,73.89
2021-12-25,3.56,73.89
2021-12-26,3.56,73.89
2021-12-27,3.45,75.49
2021-12-28,3.32,76.01
2021-12-29,3.4,76.58
2021-12-30,3.82,76.83
2021-12-31,3.82,75.33
2022-01-01,3.82,75.33
2022-01-02,3.82,75.33
2022-01-03,3.74,75.99
2022-01-04,3.73,77.0
2022-01-05,3.78,77.83
2022-01-06,3.94,79.47
2022-01-07,3.83,79.0
2022-01-08,3.83,79.0
2022-01-09,3.83,79.0
2022-01-10,4.16,78.11
2022-01-11,4.16,81.17
2022-01-12,4.62,82.51
2022-01-13,4.78,81.97
2022-01-14,4.37,83.82
2022-01-15,4.37,83.82
2022-01-16,4.37,83.82
2022-01-17,4.37,83.82
2022-01-18,4.55,85.42
2022-01-19,4.89,86.84
2022-01-20,4.45,86.29
2022-01-21,4.11,85.16
2022-01-22,4.11,85.16
2022-01-23,4.11,85.16
2022-01-24,4.2,84.48
2022-01-25,4.24,86.61
2022-01-26,4.43,88.33
2022-01-27,4.43,87.61
2022-01-28,5.69,87.67
2022-01-29,5.69,87.67
2022-01-30,5.69,87.67
2022-01-31,5.56,89.16
2022-02-01,5.45,88.22
2022-02-02,6.7,88.16
2022-02-03,5.84,90.17
2022-02-04,5.34,92.27
2022-02-05,5.34,92.27
2022-02-06,5.34,92.27
2022-02-07,4.44,91.25
2022-02-08,4.3,89.32
2022-02-09,4.13,89.57
2022-02-10,4.03,89.83
2022-02-11,4.04,93.1
2022-02-12,4.04,93.1
2022-02-13,4.04,93.1
2022-02-14,4.05,95.52
2022-02-15,4.31,92.07
2022-02-16,4.39,93.83
2022-02-17,4.57,91.78
2022-02-18,4.61,91.26
2022-02-19,4.61,91.26
2022-02-20,4.61,91.26
2022-02-21,4.61,91.26
2022-02-22,4.48,92.11
2022-02-23,4.59,92.14
2022-02-24,4.78,92.77
2022-02-25,4.63,91.68
2022-02-26,4.63,91.68
2022-02-27,4.63,91.68
2022-02-28,4.46,96.13
2022-03-01,4.36,103.66
2022-03-02,4.65,110.74
2022-03-03,4.63,107.69
2022-03-04,4.74,115.77
2022-03-05,4.74,115.77
2022-03-06,4.74,115.77
2022-03-07,4.93,119.26
2022-03-08,4.61,123.64
2022-03-09,4.55,108.81
2022-03-10,4.65,105.93
2022-03-11,4.79,109.31
2022-03-12,4.79,109.31
2022-03-13,4.79,109.31
2022-03-14,4.59,103.22
2022-03-15,4.46,96.42
2022-03-16,4.68,94.85
2022-03-17,4.8,102.97
2022-03-18,4.87,104.69
2022-03-19,4.87,104.69
2022-03-20,4.87,104.69
2022-03-21,4.77,112.14
2022-03-22,5.0,111.03
2022-03-23,5.26,114.89
2022-03-24,5.19,114.2
2022-03-25,5.51,116.2
2022-03-26,5.51,116.2
2022-03-27,5.51,116.2
2022-03-28,5.52,107.55
2022-03-29,5.32,104.25
2022-03-30,5.32,107.81
2022-03-31,5.46,100.53
2022-04-01,5.43,99.32
2022-04-02,5.43,99.32
2022-04-03,5.43,99.32
2022-04-04,5.72,103.29
2022-04-05,5.95,101.98
2022-04-06,6.29,96.39
2022-04-07,6.05,96.05
2022-04-08,6.38,98.35
2022-04-09,6.38,98.35
2022-04-10,6.38,98.35
2022-04-11,6.35,94.22
2022-04-12,6.59,100.52
2022-04-13,6.68,104.26
2022-04-14,6.94,106.84
2022-04-15,6.94,106.84
2022-04-16,6.94,106.84
2022-04-17,6.94,106.84
2022-04-18,7.48,108.24
2022-04-19,7.44,102.54
2022-04-20,7.12,102.56
2022-04-21,6.88,103.89
2022-04-22,6.59,102.86
2022-04-23,6.59,102.86
2022-04-24,6.59,102.86
2022-04-25,6.42,99.6
2022-04-26,6.89,102.62
2022-04-27,6.91,101.96
2022-04-28,6.97,105.47
2022-04-29,6.84,104.59
2022-04-30,6.84,104.59
2022-05-01,6.84,104.59
2022-05-02,7.3,105.18
2022-05-03,7.84,102.53
2022-05-04,8.3,107.84
2022-05-05,8.42,108.17
2022-05-06,8.35,109.72
2022-05-07,8.35,109.72
2022-05-08,8.35,109.72
2022-05-09,8.06,103.08
2022-05-10,6.78,99.74
2022-05-11,7.53,105.5
2022-05-12,7.25,106.15
2022-05-13,7.75,110.52
2022-05-14,7.75,110.52
2022-05-15,7.75,110.52
2022-05-16,8.07,114.07
2022-05-17,8.26,112.31
2022-05-18,8.53,109.67
2022-05-19,8.21,112.21
2022-05-20,7.97,112.63
2022-05-21,7.97,112.63
2022-05-22,7.97,112.63
2022-05-23,8.16,110.32
2022-05-24,8.87,112.55
2022-05-25,9.44,112.88
2022-05-26,9.19,116.19
2022-05-27,8.3,114.96
2022-05-28,8.3,114.96
2022-05-29,8.3,114.96
2022-05-30,8.3,114.96
2022-05-31,8.46,114.38
2022-06-01,8.47,115.26
2022-06-02,8.9,116.88
2022-06-03,8.34,118.97
2022-06-04,8.34,118.97
2022-06-05,8.34,118.97
2022-06-06,9.08,118.41
2022-06-07,9.28,119.55
2022-06-08,9.43,121.94
2022-06-09,8.16,121.52
2022-06-10,8.78,120.73
2022-06-11,8.78,120.73
2022-06-12,8.78,120.73
2022-06-13,9.0,120.92
2022-06-14,7.68,118.92
2022-06-15,7.72,115.32
2022-06-16,7.88,117.56
2022-06-17,7.37,109.56
2022-06-18,7.37,109.56
2022-06-19,7.37,109.56
2022-06-20,7.37,109.56
2022-06-21,6.6,110.49
2022-06-22,6.76,106.22
2022-06-23,6.54,105.75
2022-06-24,5.8,109.07
2022-06-25,5.8,109.07
2022-06-26,5.8,109.07
2022-06-27,6.09,111.44
2022-06-28,6.66,113.66
2022-06-29,6.69,111.65
2022-06-30,6.54,107.76
2022-07-01,5.75,110.3
2022-07-02,5.75,110.3
2022-07-03,5.75,110.3
2022-07-04,5.75,110.3
2022-07-05,5.72,101.55
2022-07-06,5.65,100.31
2022-07-07,5.83,104.62
2022-07-08,6.4,106.78
2022-07-09,6.4,106.78
2022-07-10,6.4,106.78
2022-07-11,6.82,106.09
2022-07-12,6.81,97.69
2022-07-13,6.68,98.44
2022-07-14,6.9,97.79
2022-07-15,6.6,99.59
2022-07-16,6.6,99.59
2022-07-17,6.6,99.59
2022-07-18,7.65,104.48
2022-07-19,7.35,106.12
2022-07-20,7.58,104.45
2022-07-21,7.99,98.44
2022-07-22,8.25,97.71
2022-07-23,8.25,97.71
2022-07-24,8.25,97.71
2022-07-25,8.52,99.83
2022-07-26,9.46,97.74
2022-07-27,8.65,100.03
2022-07-28,8.75,99.11
2022-07-29,8.33,101.31
2022-07-30,8.33,101.31
2022-07-31,8.33,101.31
2022-08-01,8.2,96.59
2022-08-02,8.01,97.14
2022-08-03,7.81,93.25
2022-08-04,8.4,91.29
2022-08-05,8.3,91.77
2022-08-06,8.3,91.77
2022-08-07,8.3,91.77
2022-08-08,7.76,93.52
2022-08-09,7.87,93.18
2022-08-10,7.86,94.68
2022-08-11,8.53,97.02
2022-08-12,8.73,94.86
2022-08-13,8.73,94.86
2022-08-14,8.73,94.86
2022-08-15,8.62,92.24
2022-08-16,9.28,89.23
2022-08-17,9.51,90.85
2022-08-18,9.42,93.2
2022-08-19,9.14,93.55
2022-08-20,9.14,93.55
2022-08-21,9.14,93.55
2022-08-22,9.85,93.42
2022-08-23,9.75,96.46
2022-08-24,9.27,95.52
2022-08-25,9.47,93.33
2022-08-26,9.48,93.63
2022-08-27,9.48,93.63
2022-08-28,9.48,93.63
2022-08-29,9.24,97.4
2022-08-30,9.1,92.08
2022-08-31,8.93,90.09
2022-09-01,9.38,87.09
2022-09-02,9.18,87.29
2022-09-03,9.18,87.29
2022-09-04,9.18,87.29
2022-09-05,9.18,87.29
2022-09-06,8.52,87.35
2022-09-07,8.12,82.5
2022-09-08,8.27,84.04
2022-09-09,8.31,87.27
2022-09-10,8.31,87.27
2022-09-11,8.31,87.27
2022-09-12,8.2,88.18
2022-09-13,8.49,87.84
2022-09-14,8.7,88.88
2022-09-15,8.6,85.72
2022-09-16,8.11,85.57
2022-09-17,8.11,85.57
2022-09-18,8.11,85.57
2022-09-19,7.96,86.15
2022-09-20,8.01,84.69
2022-09-21,7.99,83.38
2022-09-22,7.76,84.02
2022-09-23,6.75,79.07
2022-09-24,6.75,79.07
2022-09-25,6.75,79.07
2022-09-26,6.75,77.17
2022-09-27,6.83,78.91
2022-09-28,6.59,82.61
2022-09-29,6.57,81.78
2022-09-30,6.4,79.91
2022-10-01,6.4,79.91
2022-10-02,6.4,79.91
2022-10-03,5.64,84.05
2022-10-04,5.4,86.87
2022-10-05,5.84,88.22
2022-10-06,6.91,88.9
2022-10-07,6.25,93.07
2022-10-08,6.25,93.07
2022-10-09,6.25,93.07
2022-10-10,6.25,91.6
2022-10-11,6.2,89.75
2022-10-12,6.6,87.83
2022-10-13,6.25,89.59
2022-10-14,6.1,86.1
2022-10-15,6.1,86.1
2022-10-16,6.1,86.1
2022-10-17,6.08,86.0
2022-10-18,6.16,83.29
2022-10-19,5.63,86.0
2022-10-20,5.1,86.02
2022-10-21,4.45,85.47
2022-10-22,4.45,85.47
2022-10-23,4.45,85.47
2022-10-24,4.81,86.12
2022-10-25,5.17,86.93
2022-10-26,5.28,89.39
2022-10-27,5.3,89.06
2022-10-28,5.02,87.85
2022-10-29,5.02,87.85
2022-10-30,5.02,87.85
2022-10-31,5.02,86.54
2022-11-01,4.57,88.36
2022-11-02,4.58,90.06
2022-11-03,4.65,88.14
2022-11-04,4.0,92.58
2022-11-05,4.0,92.58
2022-11-06,4.0,92.58
2022-11-07,4.62,91.8
2022-11-08,4.0,88.8
2022-11-09,3.46,85.79
2022-11-10,4.8,86.52
2022-11-11,4.8,89.14
2022-11-12,4.8,89.14
2022-11-13,4.8,89.14
2022-11-14,6.24,85.85
2022-11-15,5.9,86.87
2022-11-16,5.88,85.62
2022-11-17,6.2,81.69
2022-11-18,6.1,80.07
2022-11-19,6.1,80.07
2022-11-20,6.1,80.07
2022-11-21,6.23,79.74
2022-11-22,6.27,80.83
2022-11-23,6.57,77.93
2022-11-24,6.57,77.93
2022-11-25,6.57,76.45
2022-11-26,6.57,76.45
2022-11-27,6.57,76.45
2022-11-28,6.0,77.1
2022-11-29,6.03,77.96
2022-11-30,7.0,80.48
2022-12-01,6.33,81.06
2022-12-02,4.92,79.86
2022-12-03,4.92,79.86
2022-12-04,4.92,79.86
2022-12-05,4.15,76.83
2022-12-06,4.58,74.21
2022-12-07,4.49,71.93
2022-12-08,4.79,71.3
2022-12-09,4.98,71.05
2022-12-10,4.98,71.05
2022-12-11,4.98,71.05
2022-12-12,6.73,72.96
2022-12-13,7.2,75.44
2022-12-14,6.54,77.14
2022-12-15,6.8,75.89
2022-12-16,6.63,74.19
2022-12-17,6.63,74.19
2022-12-18,6.63,74.19
2022-12-19,6.08,75.05
2022-12-20,5.28,75.92
2022-12-21,6.13,78.17
2022-12-22,7.1,77.68
2022-12-23,7.15,79.57
2022-12-24,7.15,79.57
2022-12-25,7.15,79.57
2022-12-26,7.15,79.57
2022-12-27,4.88,79.45
2022-12-28,4.06,78.89
2022-12-29,3.78,78.43
2022-12-30,3.52,80.16
2022-12-31,3.52,80.16
2023-01-01,3.52,80.16
2023-01-02,3.52,80.16
2023-01-03,3.64,76.87
2023-01-04,3.75,72.82
2023-01-05,3.78,73.61
2023-01-06,3.43,73.77
2023-01-07,3.43,73.77
2023-01-08,3.43,73.77
2023-01-09,3.65,74.69
2023-01-10,3.32,75.11
2023-01-11,3.41,77.46
2023-01-12,3.47,78.32
2023-01-13,3.43,79.9
2023-01-14,3.43,79.9
2023-01-15,3.43,79.9
2023-01-16,3.43,79.9
2023-01-17,3.43,80.25
2023-01-18,3.2,79.53
2023-01-19,2.91,80.31
2023-01-20,3.15,81.27
2023-01-21,3.15,81.27
2023-01-22,3.15,81.27
2023-01-23,3.43,81.62
2023-01-24,3.35,79.86
2023-01-25,3.09,79.78
2023-01-26,2.72,80.64
2023-01-27,2.83,79.73
2023-01-28,2.83,79.73
2023-01-29,2.83,79.73
2023-01-30,2.82,77.97
2023-01-31,2.65,78.95
2023-02-01,2.65,76.34
2023-02-02,2.67,75.87
2023-02-03,2.4,73.4
2023-02-04,2.4,73.4
2023-02-05,2.4,73.4
2023-02-06,2.17,74.11
2023-02-07,2.35,77.17
2023-02-08,2.4,78.47
2023-02-09,2.4,78.04
2023-02-10,2.37,79.74
2023-02-11,2.37,79.74
2023-02-12,2.37,79.74
2023-02-13,2.42,80.14
2023-02-14,2.42,79.08
2023-02-15,2.45,78.57
2023-02-16,2.48,78.45
2023-02-17,2.28,76.31
2023-02-18,2.28,76.31
2023-02-19,2.28,76.31
2023-02-20,2.28,76.31
2023-02-21,2.12,76.28
2023-02-22,2.07,73.95
2023-02-23,2.17,75.26
2023-02-24,2.36,76.19
2023-02-25,2.36,76.19
2023-02-26,2.36,76.19
2023-02-27,2.55,75.57
2023-02-28,2.5,76.88
2023-03-01,2.59,77.57
2023-03-02,2.67,78.05
2023-03-03,2.66,79.62
2023-03-04,2.66,79.62
2023-03-05,2.66,79.62
2023-03-06,2.46,80.39
2023-03-07,2.52,77.45
2023-03-08,2.5,76.56
2023-03-09,2.5,75.6
2023-03-10,2.4,76.55
2023-03-11,2.4,76.55
2023-03-12,2.4,76.55
2023-03-13,2.4,74.68
2023-03-14,2.65,71.18
2023-03-15,2.45,67.38
2023-03-16,2.45,68.15
2023-03-17,2.42,66.61
2023-03-18,2.42,66.61
2023-03-19,2.42,66.61
2023-03-20,2.23,67.56
2023-03-21,1.93,69.4
2023-03-22,2.03,70.71
2023-03-23,2.08,69.77
2023-03-24,2.04,69.22
2023-03-25,2.04,69.22
2023-03-26,2.04,69.22
2023-03-27,2.04,72.87
2023-03-28,2.02,73.12
2023-03-29,1.94,72.95
2023-03-30,1.95,74.32
2023-03-31,2.1,75.68
2023-04-01,2.1,75.68
2023-04-02,2.1,75.68
2023-04-03,2.09,80.4
2023-04-04,2.13,80.7
2023-04-05,2.17,80.69
2023-04-06,2.18,80.7
2023-04-07,2.18,80.7
2023-04-08,2.18,80.7
2023-04-09,2.18,80.7
2023-04-10,2.15,79.79
2023-04-11,2.19,81.54
2023-04-12,2.22,83.26
2023-04-13,2.04,82.16
2023-04-14,1.87,82.58
2023-04-15,1.87,82.58
2023-04-16,1.87,82.58
2023-04-17,2.21,80.93
2023-04-18,2.23,80.85
2023-04-19,2.2,79.18
2023-04-20,2.19,77.27
2023-04-21,2.2,77.86
2023-04-22,2.2,77.86
2023-04-23,2.2,77.86
2023-04-24,2.19,78.64
2023-04-25,2.21,77.05
2023-04-26,2.19,74.33
2023-04-27,2.17,74.77
2023-04-28,2.27,76.78
2023-04-29,2.27,76.78
2023-04-30,2.27,76.78
2023-05-01,2.24,75.65
2023-05-02,2.12,71.71
2023-05-03,2.01,68.62
2023-05-04,1.96,68.52
2023-05-05,1.85,71.32
2023-05-06,1.85,71.32
2023-05-07,1.85,71.32
2023-05-08,2.12,73.13
2023-05-09,2.22,73.68
2023-05-10,2.12,72.53
2023-05-11,2.07,70.81
2023-05-12,1.98,70.02
2023-05-13,1.98,70.02
2023-05-14,1.98,70.02
2023-05-15,2.25,71.07
2023-05-16,2.28,70.85
2023-05-17,2.25,72.78
2023-05-18,2.3,71.82
2023-05-19,2.37,71.57
2023-05-20,2.37,71.57
2023-05-21,2.37,71.57
2023-05-22,2.3,71.81
2023-05-23,2.22,72.87
2023-05-24,2.25,74.37
2023-05-25,2.23,71.68
2023-05-26,1.88,72.35
2023-05-27,1.88,72.35
2023-05-28,1.88,72.35
2023-05-29,1.88,72.35
2023-05-30,2.11,69.45
2023-05-31,2.1,68.11
2023-06-01,1.77,70.09
2023-06-02,1.74,71.76
2023-06-03,1.74,71.76
2023-06-04,1.74,71.76
2023-06-05,1.92,72.14
2023-06-06,1.95,71.71
2023-06-07,2.13,72.52
2023-06-08,2.1,71.28
2023-06-09,1.85,70.16
2023-06-10,1.85,70.16
2023-06-11,1.85,70.16
2023-06-12,1.9,67.08
2023-06-13,2.0,69.39
2023-06-14,2.05,68.22
2023-06-15,2.18,70.61
2023-06-16,2.13,71.81
2023-06-17,2.13,71.81
2023-06-18,2.13,71.81
2023-06-19,2.13,71.81
2023-06-20,2.38,70.94
2023-06-21,2.24,72.55
2023-06-22,2.27,69.22
2023-06-23,2.22,68.91
2023-06-24,2.22,68.91
2023-06-25,2.22,68.91
2023-06-26,2.62,69.09
2023-06-27,2.68,67.68
2023-06-28,2.71,69.54
2023-06-29,2.4,69.85
2023-06-30,2.48,70.66
2023-07-01,2.48,70.66
2023-07-02,2.48,70.66
2023-07-03,2.48,69.71
2023-07-04,2.48,69.71
2023-07-05,2.65,71.78
2023-07-06,2.5,71.76
2023-07-07,2.49,73.91
2023-07-08,2.49,73.91
2023-07-09,2.49,73.91
2023-07-10,2.55,73.05
2023-07-11,2.57,74.87
2023-07-12,2.55,75.77
2023-07-13,2.5,76.86
2023-07-14,2.5,75.44
2023-07-15,2.5,75.44
2023-07-16,2.5,75.44
2023-07-17,2.46,74.17
2023-07-18,2.52,75.76
2023-07-19,2.51,75.4
2023-07-20,2.61,75.65
2023-07-21,2.61,77.06
2023-07-22,2.61,77.06
2023-07-23,2.61,77.06
2023-07-24,2.68,78.81
2023-07-25,2.66,79.76
2023-07-26,2.6,79.11
2023-07-27,2.47,80.17
2023-07-28,2.53,80.55
2023-07-29,2.53,80.55
2023-07-30,2.53,80.55
2023-07-31,2.58,81.8
2023-08-01,2.49,81.37
2023-08-02,2.43,79.5
2023-08-03,2.44,81.56
2023-08-04,2.53,82.76
2023-08-05,2.53,82.76
2023-08-06,2.53,82.76
2023-08-07,2.65,81.94
2023-08-08,2.77,82.94
2023-08-09,2.92,84.35
2023-08-10,2.83,82.81
2023-08-11,2.61,83.17
2023-08-12,2.61,83.17
2023-08-13,2.61,83.17
2023-08-14,2.74,82.5
2023-08-15,2.65,81.06
2023-08-16,2.55,79.4
2023-08-17,2.56,80.43
2023-08-18,2.44,81.25
2023-08-19,2.44,81.25
2023-08-20,2.44,81.25
2023-08-21,2.6,80.71
2023-08-22,2.58,80.25
2023-08-23,2.6,78.91
2023-08-24,2.42,79.52
2023-08-25,2.46,80.47
2023-08-26,2.46,80.47
2023-08-27,2.46,80.47
2023-08-28,2.6,80.65
2023-08-29,2.5,81.14
2023-08-30,2.48,81.64
2023-08-31,2.56,83.55
2023-09-01,2.7,85.52
2023-09-02,2.7,85.52
2023-09-03,2.7,85.52
2023-09-04,2.7,85.52
2023-09-05,2.6,86.74
2023-09-06,2.49,87.55
2023-09-07,2.45,86.87
2023-09-08,2.53,87.51
2023-09-09,2.53,87.51
2023-09-10,2.53,87.51
2023-09-11,2.5,87.3
2023-09-12,2.72,88.87
2023-09-13,2.76,88.59
2023-09-14,2.81,90.13
2023-09-15,2.74,90.83
2023-09-16,2.74,90.83
2023-09-17,2.74,90.83
2023-09-18,2.54,91.47
2023-09-19,2.46,91.16
2023-09-20,2.78,89.2
2023-09-21,2.7,89.56
2023-09-22,2.63,90.0
2023-09-23,2.63,90.0
2023-09-24,2.63,90.0
2023-09-25,2.63,89.68
2023-09-26,2.55,91.43
2023-09-27,2.72,93.67
2023-09-28,2.74,91.65
2023-09-29,2.68,90.77
2023-09-30,2.68,90.77
2023-10-01,2.68,90.77
2023-10-02,2.7,88.81
2023-10-03,2.71,89.26
2023-10-04,2.92,84.32
2023-10-05,2.92,82.3
2023-10-06,3.3,82.83
2023-10-07,3.3,82.83
2023-10-08,3.3,82.83
2023-10-09,3.3,82.83
2023-10-10,3.34,85.89
2023-10-11,3.19,83.7
2023-10-12,3.16,82.87
2023-10-13,3.11,87.67
2023-10-14,3.11,87.67
2023-10-15,3.11,87.67
2023-10-16,2.98,86.65
2023-10-17,2.94,86.66
2023-10-18,2.92,88.35
2023-10-19,2.84,89.35
2023-10-20,2.6,89.12
2023-10-21,2.6,89.12
2023-10-22,2.6,89.12
2023-10-23,2.65,85.49
2023-10-24,2.85,84.58
2023-10-25,2.86,86.07
2023-10-26,2.87,83.8
2023-10-27,3.24,86.04
2023-10-28,3.24,86.04
2023-10-29,3.24,86.04
2023-10-30,3.17,83.03
2023-10-31,3.34,81.64
2023-11-01,3.19,81.05
2023-11-02,3.12,83.04
2023-11-03,3.0,81.19
2023-11-04,3.0,81.19
2023-11-05,3.0,81.19
2023-11-06,2.71,81.54
2023-11-07,2.0,77.96
2023-11-08,2.18,75.85
2023-11-09,2.71,76.34
2023-11-10,2.71,76.34
2023-11-11,2.71,76.34
2023-11-12,2.71,76.34
2023-11-13,2.61,78.86
2023-11-14,2.69,78.9
2023-11-15,2.88,77.15
2023-11-16,2.91,73.5
2023-11-17,2.62,76.47
2023-11-18,2.62,76.47
2023-11-19,2.62,76.47
2023-11-20,2.49,78.1
2023-11-21,2.63,78.35
2023-11-22,2.72,76.8
2023-11-23,2.72,76.8
2023-11-24,2.72,74.83
2023-11-25,2.72,74.83
2023-11-26,2.72,74.83
2023-11-27,2.74,74.46
2023-11-28,2.78,76.09
2023-11-29,2.7,77.56
2023-11-30,2.75,75.66
2023-12-01,2.63,73.7
2023-12-02,2.63,73.7
2023-12-03,2.63,73.7
2023-12-04,2.55,72.73
2023-12-05,2.72,71.95
2023-12-06,2.76,68.98
2023-12-07,2.52,69.0
2023-12-08,2.57,70.87
2023-12-09,2.57,70.87
2023-12-10,2.57,70.87
2023-12-11,2.39,70.95
2023-12-12,2.37,68.27
2023-12-13,2.33,69.09
2023-12-14,2.39,71.21
2023-12-15,2.44,71.05
2023-12-16,2.44,71.05
2023-12-17,2.44,71.05
2023-12-18,2.59,72.16
2023-12-19,2.44,73.23
2023-12-20,2.48,73.87
2023-12-21,2.48,73.59
2023-12-22,2.54,73.29
2023-12-23,2.54,73.29
2023-12-24,2.54,73.29
2023-12-25,2.54,73.29
2023-12-26,2.5,75.84
2023-12-27,2.63,74.31
2023-12-28,2.55,72.02
2023-12-29,2.58,71.89
2023-12-30,2.58,71.89
2023-12-31,2.58,71.89
2024-01-01,2.58,71.89
2024-01-02,2.56,70.62
2024-01-03,2.57,72.97
2024-01-04,2.83,72.38
2024-01-05,2.75,74.0
2024-01-06,2.75,74.0
2024-01-07,2.75,74.0
2024-01-08,2.72,71.06
2024-01-09,3.25,72.43
2024-01-10,3.25,71.57
2024-01-11,3.15,72.15
2024-01-12,13.2,72.94
2024-01-13,13.2,72.94
2024-01-14,13.2,72.94
2024-01-15,13.2,72.94
2024-01-16,3.25,72.63
2024-01-17,2.86,72.79
2024-01-18,2.88,74.32
2024-01-19,2.7,73.69
2024-01-20,2.7,73.69
2024-01-21,2.7,73.69
2024-01-22,2.35,75.26
2024-01-23,2.15,74.72
2024-01-24,2.45,75.48
2024-01-25,2.56,77.91
2024-01-26,2.36,78.45
2024-01-27,2.36,78.45
2024-01-28,2.36,78.45
2024-01-29,2.41,77.25
2024-01-30,2.26,78.3
2024-01-31,2.19,76.28
2024-02-01,2.15,74.36
2024-02-02,2.01,72.72
2024-02-03,2.01,72.72
2024-02-04,2.01,72.72
2024-02-05,2.12,73.21
2024-02-06,2.1,73.83
2024-02-07,1.94,74.26
2024-02-08,1.74,76.67
2024-02-09,1.74,77.26
2024-02-10,1.74,77.26
2024-02-11,1.74,77.26
2024-02-12,1.76,77.34
2024-02-13,1.61,78.28
2024-02-14,1.51,77.09
2024-02-15,1.53,78.47
2024-02-16,1.55,79.65
2024-02-17,1.55,79.65
2024-02-18,1.55,79.65
2024-02-19,1.55,79.65
2024-02-20,1.5,78.72
2024-02-21,1.58,78.89
2024-02-22,1.62,79.64
2024-02-23,1.52,77.6
2024-02-24,1.52,77.6
2024-02-25,1.52,77.6
2024-02-26,1.65,78.53
2024-02-27,1.52,79.8
2024-02-28,1.61,79.44
2024-02-29,1.67,79.22
2024-03-01,1.47,80.9
2024-03-02,1.47,80.9
2024-03-03,1.47,80.9
2024-03-04,1.48,79.67
2024-03-05,1.51,79.11
2024-03-06,1.67,80.08
2024-03-07,1.56,79.81
2024-03-08,1.54,78.96
2024-03-09,1.54,78.96
2024-03-10,1.54,78.96
2024-03-11,1.54,78.87
2024-03-12,1.57,78.51
2024-03-13,1.25,80.67
2024-03-14,1.26,82.16
2024-03-15,1.38,81.94
2024-03-16,1.38,81.94
2024-03-17,1.38,81.94
2024-03-18,1.54,83.68
2024-03-19,1.55,84.39
2024-03-20,1.58,82.79
2024-03-21,1.55,81.99
2024-03-22,1.5,81.1
2024-03-23,1.5,81.1
2024-03-24,1.5,81.1
2024-03-25,1.46,82.41
2024-03-26,1.48,82.41
2024-03-27,1.43,82.15
2024-03-28,1.54,83.96
2024-03-29,1.54,83.96
2024-03-30,1.54,83.96
2024-03-31,1.54,83.96
2024-04-01,1.64,84.54
2024-04-02,1.65,85.95
2024-04-03,1.86,86.22
2024-04-04,1.78,87.37
2024-04-05,1.58,87.69
2024-04-06,1.58,87.69
2024-04-07,1.58,87.69
2024-04-08,1.73,87.24
2024-04-09,1.83,86.04
2024-04-10,1.9,86.98
2024-04-11,1.62,85.79
2024-04-12,1.36,86.46
2024-04-13,1.36,86.46
2024-04-14,1.36,86.46
2024-04-15,1.41,86.21
2024-04-16,1.38,86.15
2024-04-17,1.5,83.58
2024-04-18,1.59,83.5
2024-04-19,1.43,83.79
2024-04-20,1.43,83.79
2024-04-21,1.43,83.79
2024-04-22,1.64,83.82
2024-04-23,1.59,84.17
2024-04-24,1.6,84.09
2024-04-25,1.46,84.92
2024-04-26,1.4,85.38
2024-04-27,1.4,85.38
2024-04-28,1.4,85.38
2024-04-29,1.55,84.26
2024-04-30,1.68,83.49
2024-05-01,1.63,80.7
2024-05-02,1.66,80.59
2024-05-03,1.67,79.65
2024-05-04,1.67,79.65
2024-05-05,1.67,79.65
2024-05-06,1.88,80.1
2024-05-07,1.95,79.97
2024-05-08,2.01,80.57
2024-05-09,2.03,80.86
2024-05-10,2.14,79.81
2024-05-11,2.14,79.81
2024-05-12,2.14,79.81
2024-05-13,2.11,80.71
2024-05-14,2.14,79.62
2024-05-15,2.12,80.23
2024-05-16,2.32,80.85
2024-05-17,2.44,81.66
2024-05-18,2.44,81.66
2024-05-19,2.44,81.66
2024-05-20,2.52,81.39
2024-05-21,2.52,80.66
2024-05-22,2.51,79.15
2024-05-23,2.64,77.47
2024-05-24,2.22,78.48
2024-05-25,2.22,78.48
2024-05-26,2.22,78.48
2024-05-27,2.22,78.48
2024-05-28,2.29,80.9
2024-05-29,2.2,80.24
2024-05-30,1.87,78.96
2024-05-31,1.78,77.97
2024-06-01,1.78,77.97
2024-06-02,1.78,77.97
2024-06-03,2.55,75.26
2024-06-04,2.58,74.27
2024-06-05,2.27,75.08
2024-06-06,2.3,76.52
2024-06-07,2.46,76.53
2024-06-08,2.46,76.53
2024-06-09,2.46,76.53
2024-06-10,2.61,78.75
2024-06-11,2.71,78.88
2024-06-12,2.8,79.56
2024-06-13,2.79,79.61
2024-06-14,2.74,79.41
2024-06-15,2.74,79.41
2024-06-16,2.74,79.41
2024-06-17,2.5,81.33
2024-06-18,2.43,82.67
2024-06-19,2.43,82.67
2024-06-20,2.39,83.34
2024-06-21,2.44,81.71
2024-06-22,2.44,81.71
2024-06-23,2.44,81.71
2024-06-24,2.58,82.63
2024-06-25,2.61,81.97
2024-06-26,2.45,82.19
2024-06-27,2.55,83.04
2024-06-28,2.42,82.83
2024-06-29,2.42,82.83
2024-06-30,2.42,82.83
2024-07-01,2.21,84.7
2024-07-02,2.06,84.09
2024-07-03,2.02,85.19
2024-07-04,2.02,85.19
2024-07-05,2.02,84.44
2024-07-06,2.02,84.44
2024-07-07,2.02,84.44
2024-07-08,2.1,83.63
2024-07-09,2.42,82.78
2024-07-10,2.4,83.39
2024-07-11,2.23,83.92
2024-07-12,2.17,83.49
2024-07-13,2.17,83.49
2024-07-14,2.17,83.49
2024-07-15,2.12,83.22
2024-07-16,2.1,81.92
2024-07-17,1.98,84.16
2024-07-18,2.0,84.17
2024-07-19,1.88,81.43
2024-07-20,1.88,81.43
2024-07-21,1.88,81.43
2024-07-22,2.19,81.25
2024-07-23,2.13,78.24
2024-07-24,2.0,78.78
2024-07-25,2.0,79.43
2024-07-26,1.98,78.58
2024-07-27,1.98,78.58
2024-07-28,1.98,78.58
2024-07-29,1.9,77.27
2024-07-30,1.81,76.17
2024-07-31,1.94,79.36
2024-08-01,1.95,77.74
2024-08-02,1.89,74.99
2024-08-03,1.89,74.99
2024-08-04,1.89,74.99
2024-08-05,1.83,74.46
2024-08-06,1.83,74.6
2024-08-07,1.96,76.68
2024-08-08,1.85,77.64
2024-08-09,1.94,78.28
2024-08-10,1.94,78.28
2024-08-11,1.94,78.28
2024-08-12,2.1,81.45
2024-08-13,2.16,79.81
2024-08-14,2.18,78.47
2024-08-15,2.19,79.66
2024-08-16,2.01,78.05
2024-08-17,2.01,78.05
2024-08-18,2.01,78.05
2024-08-19,2.12,75.82
2024-08-20,2.18,75.27
2024-08-21,2.14,72.76
2024-08-22,1.93,73.72
2024-08-23,1.82,75.82
2024-08-24,1.82,75.82
2024-08-25,1.82,75.82
2024-08-26,2.13,78.4
2024-08-27,1.91,76.5
2024-08-28,1.89,75.49
2024-08-29,1.85,76.9
2024-08-30,1.93,74.52
2024-08-31,1.93,74.52
2024-09-01,1.93,74.52
2024-09-02,1.93,74.52
2024-09-03,1.93,71.28
2024-09-04,2.05,70.11
2024-09-05,2.02,70.09
2024-09-06,2.09,68.58
2024-09-07,2.09,68.58
2024-09-08,2.09,68.58
2024-09-09,2.03,69.65
2024-09-10,2.13,66.73
2024-09-11,2.13,68.25
2024-09-12,2.13,69.89
2024-09-13,2.25,69.59
2024-09-14,2.25,69.59
2024-09-15,2.25,69.59
2024-09-16,2.23,71.1
2024-09-17,2.33,72.16
2024-09-18,2.31,71.87
2024-09-19,2.24,72.86
2024-09-20,2.2,72.72
2024-09-21,2.2,72.72
2024-09-22,2.2,72.72
2024-09-23,2.4,71.33
2024-09-24,2.61,72.34
2024-09-25,2.62,70.42
2024-09-26,2.64,68.28
2024-09-27,2.53,68.72
2024-09-28,2.53,68.72
2024-09-29,2.53,68.72
2024-09-30,2.65,68.75
2024-10-01,2.67,70.41
2024-10-02,2.77,70.74
2024-10-03,2.75,74.33
2024-10-04,2.49,74.93
2024-10-05,2.49,74.93
2024-10-06,2.49,74.93
2024-10-07,2.51,77.76
2024-10-08,2.51,74.26
2024-10-09,2.43,73.85
2024-10-10,2.26,76.46
2024-10-11,2.31,76.11
2024-10-12,2.31,76.11
2024-10-13,2.31,76.11
2024-10-14,2.31,76.11
2024-10-15,2.37,71.22
2024-10-16,2.21,70.97
2024-10-17,2.19,71.26
2024-10-18,1.82,69.78
2024-10-19,1.82,69.78
2024-10-20,1.82,69.78
2024-10-21,1.76,71.16
2024-10-22,1.76,72.84
2024-10-23,1.9,71.37
2024-10-24,2.04,70.58
2024-10-25,1.93,72.02
2024-10-26,1.93,72.02
2024-10-27,1.93,72.02
2024-10-28,2.03,67.65
2024-10-29,1.82,67.48
2024-10-30,2.03,68.91
2024-10-31,1.82,69.58
2024-11-01,1.42,69.81
2024-11-02,1.42,69.81
2024-11-03,1.42,69.81
2024-11-04,1.35,71.83
2024-11-05,1.62,72.26
2024-11-06,1.8,71.98
2024-11-07,1.49,72.69
2024-11-08,1.21,70.69
2024-11-09,1.21,70.69
2024-11-10,1.21,70.69
2024-11-11,1.21,70.69
2024-11-12,1.92,68.43
2024-11-13,2.06,68.76
2024-11-14,2.11,68.99
2024-11-15,1.65,67.33
2024-11-16,1.65,67.33
2024-11-17,1.65,67.33
2024-11-18,2.08,69.46
2024-11-19,2.1,69.75
2024-11-20,2.32,69.25
2024-11-21,2.84,70.39
2024-11-22,2.41,71.68
2024-11-23,2.41,71.68
2024-11-24,2.41,71.68
2024-11-25,2.78,69.41
2024-11-26,3.19,69.05
2024-11-27,3.39,69.03
2024-11-28,3.39,69.03
2024-11-29,3.39,68.26
2024-11-30,3.39,68.26
2024-12-01,3.39,68.26
2024-12-02,3.05,68.35
2024-12-03,2.94,70.15
2024-12-04,2.75,68.81
2024-12-05,2.95,68.58
2024-12-06,2.83,68.58
2024-12-07,2.83,68.58
2024-12-08,2.83,68.58
2024-12-09,3.05,68.65
2024-12-10,2.9,68.85
2024-12-11,2.9,70.57
2024-12-12,3.12,70.25
2024-12-13,3.15,71.54
2024-12-14,3.15,71.54
2024-12-15,3.15,71.54
2024-12-16,2.87,71.03
2024-12-17,2.85,70.31
2024-12-18,3.01,70.8
2024-12-19,3.15,70.1
2024-12-20,3.1,69.71
2024-12-21,3.1,69.71
2024-12-22,3.1,69.71
2024-12-23,2.89,69.5
2024-12-24,2.95,70.87
2024-12-25,2.95,70.87
2024-12-26,2.96,70.38
2024-12-27,2.91,71.28
2024-12-28,2.91,71.28
2024-12-29,2.91,71.28
2024-12-30,3.39,71.73
2024-12-31,3.4,72.44
2025-01-01,3.4,72.44
2025-01-02,3.65,73.79
2025-01-03,3.4,74.64
2025-01-04,3.4,74.64
2025-01-05,3.4,74.64
2025-01-06,4.05,74.31
2025-01-07,3.8,74.99
2025-01-08,3.75,73.99
2025-01-09,3.94,73.99
2025-01-10,4.13,77.27
2025-01-11,4.13,77.27
2025-01-12,4.13,77.27
2025-01-13,4.4,79.57
2025-01-14,4.32,78.2
2025-01-15,4.45,80.73
2025-01-16,4.3,79.35
2025-01-17,9.86,78.56
2025-01-18,9.86,78.56
2025-01-19,9.86,78.56
2025-01-20,9.86,78.56
2025-01-21,4.4,76.79
2025-01-22,3.91,76.12
2025-01-23,3.91,75.03
2025-01-24,3.84,74.97
2025-01-25,3.84,74.97
2025-01-26,3.84,74.97
2025-01-27,3.71,73.51
2025-01-28,3.4,74.15
2025-01-29,3.38,72.94
2025-01-30,3.12,73.1
2025-01-31,2.93,72.84
2025-02-01,2.93,72.84
2025-02-02,2.93,72.84
2025-02-03,3.3,73.52
2025-02-04,3.25,73.04
2025-02-05,3.22,71.39
2025-02-06,3.31,70.97
2025-02-07,3.32,71.32
2025-02-08,3.32,71.32
2025-02-09,3.32,71.32
2025-02-10,3.48,72.73
2025-02-11,3.65,73.67
2025-02-12,3.97,71.72
2025-02-13,4.43,71.66
2025-02-14,4.6,71.05
2025-02-15,4.6,71.05
2025-02-16,4.6,71.05
2025-02-17,4.6,71.05
2025-02-18,6.4,72.21
2025-02-19,7.15,72.58
2025-02-20,5.62,72.88
2025-02-21,4.43,70.72
2025-02-22,4.43,70.72
2025-02-23,4.43,70.72
2025-02-24,3.86,71.06
2025-02-25,3.88,69.15
2025-02-26,3.9,68.87
2025-02-27,3.91,70.62
2025-02-28,3.91,69.97
2025-03-01,3.91,69.97
2025-03-02,3.91,69.97
2025-03-03,3.8,68.63
2025-03-04,4.39,68.47
2025-03-05,4.4,66.58
2025-03-06,4.39,66.62
2025-03-07,4.39,67.29
2025-03-08,4.39,67.29
2025-03-09,4.39,67.29
2025-03-10,4.23,66.31
2025-03-11,4.57,66.52
2025-03-12,4.18,67.65
2025-03-13,3.89,66.82
2025-03-14,3.89,67.43
2025-03-15,3.89,67.43
2025-03-16,3.89,67.43
2025-03-17,4.15,67.84
2025-03-18,4.17,67.49
2025-03-19,4.21,67.4
2025-03-20,4.23,68.55
2025-03-21,3.93,68.52
2025-03-22,3.93,68.52
2025-03-23,3.93,68.52
2025-03-24,4.03,69.46
2025-03-25,3.94,69.48
2025-03-26,3.85,70.05
2025-03-27,3.88,70.3
2025-03-28,3.89,69.74
2025-03-29,3.89,69.74
2025-03-30,3.89,69.74
2025-03-31,4.11,71.87
2025-04-01,3.96,71.61
2025-04-02,4.04,72.12
2025-04-03,4.21,67.43
2025-04-04,4.04,62.42
2025-04-05,4.04,62.42
2025-04-06,4.04,62.42
2025-04-07,3.97,61.05
2025-04-08,3.85,60.04
2025-04-09,3.42,62.63
2025-04-10,3.7,60.57
2025-04-11,3.44,61.91
2025-04-12,3.44,61.91
2025-04-13,3.44,61.91
2025-04-14,3.57,61.99
2025-04-15,3.27,61.74
2025-04-16,3.25,62.88
2025-04-17,2.94,65.07
2025-04-18,2.94,65.07
2025-04-19,2.94,65.07
2025-04-20,2.94,65.07
2025-04-21,3.16,63.48
2025-04-22,3.12,64.6
2025-04-23,3.12,62.64
2025-04-24,2.87,63.55
2025-04-25,2.71,63.85
2025-04-26,2.71,63.85
2025-04-27,2.71,63.85
2025-04-28,2.96,63.3
2025-04-29,3.17,61.84
2025-04-30,3.12,59.55
2025-05-01,3.08,60.59
2025-05-02,3.1,59.67
2025-05-03,3.1,59.67
2025-05-04,3.1,59.67
2025-05-05,3.26,58.5
2025-05-06,3.08,60.42
2025-05-07,3.18,59.42
2025-05-08,3.23,61.25
2025-05-09,3.22,62.37
2025-05-10,3.22,62.37
2025-05-11,3.22,62.37
2025-05-12,3.19,63.32
2025-05-13,3.27,65.04
2025-05-14,3.31,64.48
2025-05-15,3.2,63.03
2025-05-16,3.01,63.84
2025-05-17,3.01,63.84
2025-05-18,3.01,63.84
2025-05-19,2.96,63.98
2025-05-20,3.15,63.97
2025-05-21,3.2,62.93
2025-05-22,3.0,62.55
2025-05-23,2.93,62.89
2025-05-24,2.93,62.89
2025-05-25,2.93,62.89
2025-05-26,2.93,62.89
2025-05-27,3.2,61.61
2025-05-28,3.09,62.54
2025-05-29,2.97,61.66
2025-05-30,2.86,61.46
2025-05-31,2.86,61.46
2025-06-01,2.86,61.46
2025-06-02,3.0,63.27
2025-06-03,2.84,64.1
2025-06-04,2.8,63.57
2025-06-05,2.86,64.06
2025-06-06,2.68,65.3
2025-06-07,2.68,65.3
2025-06-08,2.68,65.3
2025-06-09,3.13,65.99
2025-06-10,2.79,65.66
2025-06-11,2.73,68.91
2025-06-12,2.9,68.73
2025-06-13,2.65,73.84
2025-06-14,2.65,73.84
2025-06-15,2.65,73.84
2025-06-16,2.9,72.53
2025-06-17,2.9,75.62
2025-06-18,3.43,75.89
2025-06-19,3.43,75.89
2025-06-20,3.09,75.72
2025-06-21,3.09,75.72
2025-06-22,3.09,75.72
2025-06-23,3.5,69.36
2025-06-24,3.3,65.45
2025-06-25,3.26,65.98
2025-06-26,3.23,66.44
2025-06-27,3.23,66.66
2025-06-28,3.23,66.66
2025-06-29,3.23,66.66
2025-06-30,3.26,66.3
2025-07-01,3.14,66.64
2025-07-02,3.1,68.66
2025-07-03,3.24,68.13
2025-07-04,3.24,68.13
2025-07-05,3.24,68.13
2025-07-06,3.24,68.13
2025-07-07,3.24,69.16
2025-07-08,3.2,69.55
2025-07-09,3.08,69.61
2025-07-10,3.11,67.78
2025-07-11,3.22,69.63
2025-07-12,3.22,69.63
2025-07-13,3.22,69.63
2025-07-14,3.21,68.19
2025-07-15,3.31,67.76
2025-07-16,3.42,67.13
2025-07-17,3.52,68.76
2025-07-18,3.5,68.53
2025-07-19,3.5,68.53
2025-07-20,3.5,68.53
2025-07-21,3.5,68.39
2025-07-22,3.16,67.56
2025-07-23,3.08,66.05
2025-07-24,3.13,67.16
2025-07-25,3.1,66.38
2025-07-26,3.1,66.38
2025-07-27,3.1,66.38
2025-07-28,3.12,67.81
2025-07-29,3.08,70.27
2025-07-30,2.98,71.09
2025-07-31,2.99,70.36
2025-08-01,3.0,68.39
2025-08-02,3.0,68.39
2025-08-03,3.0,68.39
2025-08-04,2.89,67.33
2025-08-05,2.98,66.2
2025-08-06,3.02,65.38
2025-08-07,3.05,64.9
2025-08-08,3.03,64.94
2025-08-09,3.03,64.94
2025-08-10,3.03,64.94
2025-08-11,3.05,65.03
2025-08-12,2.93,64.22
2025-08-13,2.95,63.68
2025-08-14,2.78,64.99
2025-08-15,2.98,63.78
2025-08-16,2.98,63.78
2025-08-17,2.98,63.78
2025-08-18,2.96,64.51
2025-08-19,2.87,63.38
2025-08-20,2.8,64.19
2025-08-21,2.88,64.56
2025-08-22,2.76,64.08
2025-08-23,2.76,64.08
2025-08-24,2.76,64.08
2025-08-25,2.76,65.18
2025-08-26,2.82,63.6
2025-08-27,2.88,64.49
2025-08-28,2.9,64.96
2025-08-29,2.88,64.36
2025-08-30,2.88,64.36
2025-08-31,2.88,64.36
2025-09-01,2.88,64.36
2025-09-02,2.7,65.95
2025-09-03,3.0,64.36
2025-09-04,3.11,63.81
2025-09-05,3.05,62.22
2025-09-06,3.05,62.22
2025-09-07,3.05,62.22
2025-09-08,3.1,62.6
2025-09-09,3.12,62.97
2025-09-10,2.89,64.01
2025-09-11,2.81,62.71
2025-09-12,2.86,63.02
2025-09-13,2.86,63.02
2025-09-14,2.86,63.02
2025-09-15,3.0,63.66
2025-09-16,3.07,64.89
2025-09-17,3.19,64.41
2025-09-18,3.1,63.91
2025-09-19,2.89,63.02
2025-09-20,2.89,63.02
2025-09-21,2.89,63.02
2025-09-22,2.9,62.99
2025-09-23,2.86,63.76
2025-09-24,2.88,65.4
2025-09-25,2.98,65.51
2025-09-26,2.9,66.5
2025-09-27,2.9,66.5
2025-09-28,2.9,66.5
2025-09-29,2.93,64.27
2025-09-30,3.12,63.17
2025-10-01,3.24,62.59
2025-10-02,3.32,61.28
2025-10-03,3.19,61.65
2025-10-04,3.19,61.65
2025-10-05,3.19,61.65
2025-10-06,3.32,62.49
2025-10-07,3.32,62.52
2025-10-08,3.35,63.37
2025-10-09,3.25,62.36
2025-10-10,2.9,59.75
2025-10-11,2.9,59.75
2025-10-12,2.9,59.75
2025-10-13,2.9,59.75
2025-10-14,2.83,59.52
2025-10-15,2.79,59.08
2025-10-16,2.82,58.29
2025-10-17,2.65,58.3
2025-10-18,2.65,58.3
2025-10-19,2.65,58.3
2025-10-20,2.99,58.34
2025-10-21,3.28,58.66
2025-10-22,3.45,59.3
2025-10-23,3.34,62.44
2025-10-24,3.21,62.27
2025-10-25,3.21,62.27
2025-10-26,3.21,62.27
2025-10-27,3.3,62.13
2025-10-28,3.44,60.97
2025-10-29,3.36,61.26
2025-10-30,3.46,61.36
2025-10-31,3.57,61.75
2025-11-01,3.57,61.75
2025-11-02,3.57,61.75
2025-11-03,3.37,61.79
2025-11-04,3.35,61.38
2025-11-05,3.51,60.4
2025-11-06,3.71,60.24
2025-11-07,3.76,60.54
2025-11-08,3.76,60.54
2025-11-09,3.76,60.54
2025-11-10,3.8,60.94
2025-11-11,3.8,60.94
2025-11-12,3.6,59.3
2025-11-13,3.6,59.54
2025-11-14,3.49,60.87
2025-11-15,3.49,60.87
2025-11-16,3.49,60.87
2025-11-17,3.71,60.66
2025-11-18,3.7,61.51
2025-11-19,3.94,60.27
2025-11-20,3.97,60.07
2025-11-21,4.13,58.86
2025-11-22,4.13,58.86
2025-11-23,4.13,58.86
2025-11-24,4.15,59.11
2025-11-25,4.12,58.25
2025-11-26,4.59,58.81
2025-11-27,4.59,58.81
2025-11-28,4.59,58.58
2025-11-29,4.59,58.58
2025-11-30,4.59,58.58
2025-12-01,5.08,59.47
2025-12-02,4.83,58.81
2025-12-03,4.86,59.09
2025-12-04,4.89,59.82
2025-12-05,5.19,60.23
2025-12-06,5.19,60.23
2025-12-07,5.19,60.23
2025-12-08,5.19,59.04
2025-12-09,4.76,58.4
2025-12-10,4.62,58.67
2025-12-11,4.35,57.76
2025-12-12,4.07,57.61
2025-12-13,4.07,57.61
2025-12-14,4.07,57.61
2025-12-15,3.9,56.97
2025-12-16,3.58,55.44
2025-12-17,3.66,56.07
2025-12-18,3.87,56.22
2025-12-19,3.58,56.8
2025-12-20,3.58,56.8
2025-12-21,3.58,56.8
2025-12-22,3.67,58.18
2025-12-23,3.38,58.55
2025-12-24,3.31,58.72
2025-12-25,3.31,58.72
2025-12-26,3.31,56.6
2025-12-27,3.31,56.6
2025-12-28,3.31,56.6
2025-12-29,4.35,57.89
2025-12-30,4.4,57.79
2025-12-31,4.0,57.26
2026-01-01,4.0,57.26
2026-01-02,4.0,57.21
2026-01-03,4.0,57.21
2026-01-04,4.0,57.21
2026-01-05,2.82,58.1
2026-01-06,2.85,56.97
2026-01-07,3.1,56.01
2026-01-08,2.92,57.74
2026-01-09,2.87,58.96
2026-01-10,2.87,58.96
2026-01-11,2.87,58.96
2026-01-12,2.9,59.39
2026-01-13,3.0,60.85
2026-01-14,3.13,61.84
2026-01-15,2.92,59.13
2026-01-16,3.06,59.4
2026-01-17,3.06,59.4
2026-01-18,3.06,59.4
2026-01-19,3.06,59.4
2026-01-20,4.0,60.3
2026-01-21,4.96,60.38
2026-01-22,8.42,59.24
2026-01-23,30.72,60.7
2026-01-24,30.72,60.7
2026-01-25,30.72,60.7
2026-01-26,25.01,60.46
2026-01-27,17.19,62.04
2026-01-28,9.34,62.75
2026-01-29,10.25,64.77
2026-01-30,7.18,64.5
2026-01-31,7.18,64.5
2026-02-01,7.18,64.5
2026-02-02,4.4,61.6
2026-02-03,4.11,62.62
2026-02-04,6.88,64.56
2026-02-05,5.28,62.9
2026-02-06,4.37,63.77
2026-02-07,4.37,63.77
2026-02-08,4.37,63.77
2026-02-09,3.25,64.53
2026-02-10,3.18,64.2
2026-02-11,3.25,64.8
2026-02-12,3.43,63.08
2026-02-13,3.24,63.05
2026-02-14,3.24,63.05
2026-02-15,3.24,63.05
2026-02-16,3.24,63.05
2026-02-17,3.13,62.53
2026-02-18,2.98,65.33
2026-02-19,3.09,66.66
2026-02-20,3.15,66.69
2026-02-21,3.15,66.69
2026-02-22,3.15,66.69
2026-02-23,3.13,66.36
2026-02-24,2.99,65.62
2026-02-25,3.02,65.3
2026-02-26,2.94,65.1
2026-02-27,2.99,66.96
2026-02-28,2.99,66.96
2026-03-01,2.99,66.96
2026-03-02,2.99,71.13
