date,alumina_ppi,alumina_ppi_refining,aluminum_export_ppi
2017-01-02,116.4,116.4,108.8
2017-01-03,116.4,116.4,108.8
2017-01-04,116.4,116.4,108.8
2017-01-05,116.4,116.4,108.8
2017-01-06,116.4,116.4,108.8
2017-01-09,116.4,116.4,108.8
2017-01-10,116.4,116.4,108.8
2017-01-11,116.4,116.4,108.8
2017-01-12,116.4,116.4,108.8
2017-01-13,116.4,116.4,108.8
2017-01-16,116.4,116.4,108.8
2017-01-17,116.4,116.4,108.8
2017-01-18,116.4,116.4,108.8
2017-01-19,116.4,116.4,108.8
2017-01-20,116.4,116.4,108.8
2017-01-23,116.4,116.4,108.8
2017-01-24,116.4,116.4,108.8
2017-01-25,116.4,116.4,108.8
2017-01-26,116.4,116.4,108.8
2017-01-27,116.4,116.4,108.8
2017-01-30,116.4,116.4,108.8
2017-01-31,116.4,116.4,108.8
2017-02-01,119.2,119.3,112.0
2017-02-02,119.2,119.3,112.0
2017-02-03,119.2,119.3,112.0
2017-02-06,119.2,119.3,112.0
2017-02-07,119.2,119.3,112.0
2017-02-08,119.2,119.3,112.0
2017-02-09,119.2,119.3,112.0
2017-02-10,119.2,119.3,112.0
2017-02-13,119.2,119.3,112.0
2017-02-14,119.2,119.3,112.0
2017-02-15,119.2,119.3,112.0
2017-02-16,119.2,119.3,112.0
2017-02-17,119.2,119.3,112.0
2017-02-20,119.2,119.3,112.0
2017-02-21,119.2,119.3,112.0
2017-02-22,119.2,119.3,112.0
2017-02-23,119.2,119.3,112.0
2017-02-24,119.2,119.3,112.0
2017-02-27,119.2,119.3,112.0
2017-02-28,119.2,119.3,112.0
2017-03-01,120.9,121.0,115.6
2017-03-02,120.9,121.0,115.6
2017-03-03,120.9,121.0,115.6
2017-03-06,120.9,121.0,115.6
2017-03-07,120.9,121.0,115.6
2017-03-08,120.9,121.0,115.6
2017-03-09,120.9,121.0,115.6
2017-03-10,120.9,121.0,115.6
2017-03-13,120.9,121.0,115.6
2017-03-14,120.9,121.0,115.6
2017-03-15,120.9,121.0,115.6
2017-03-16,120.9,121.0,115.6
2017-03-17,120.9,121.0,115.6
2017-03-20,120.9,121.0,115.6
2017-03-21,120.9,121.0,115.6
2017-03-22,120.9,121.0,115.6
2017-03-23,120.9,121.0,115.6
2017-03-24,120.9,121.0,115.6
2017-03-27,120.9,121.0,115.6
2017-03-28,120.9,121.0,115.6
2017-03-29,120.9,121.0,115.6
2017-03-30,120.9,121.0,115.6
2017-03-31,120.9,121.0,115.6
2017-04-03,122.7,122.8,117.3
2017-04-04,122.7,122.8,117.3
2017-04-05,122.7,122.8,117.3
2017-04-06,122.7,122.8,117.3
2017-04-07,122.7,122.8,117.3
2017-04-10,122.7,122.8,117.3
2017-04-11,122.7,122.8,117.3
2017-04-12,122.7,122.8,117.3
2017-04-13,122.7,122.8,117.3
2017-04-14,122.7,122.8,117.3
2017-04-17,122.7,122.8,117.3
2017-04-18,122.7,122.8,117.3
2017-04-19,122.7,122.8,117.3
2017-04-20,122.7,122.8,117.3
2017-04-21,122.7,122.8,117.3
2017-04-24,122.7,122.8,117.3
2017-04-25,122.7,122.8,117.3
2017-04-26,122.7,122.8,117.3
2017-04-27,122.7,122.8,117.3
2017-04-28,122.7,122.8,117.3
2017-05-01,122.7,122.8,117.9
2017-05-02,122.7,122.8,117.9
2017-05-03,122.7,122.8,117.9
2017-05-04,122.7,122.8,117.9
2017-05-05,122.7,122.8,117.9
2017-05-08,122.7,122.8,117.9
2017-05-09,122.7,122.8,117.9
2017-05-10,122.7,122.8,117.9
2017-05-11,122.7,122.8,117.9
2017-05-12,122.7,122.8,117.9
2017-05-15,122.7,122.8,117.9
2017-05-16,122.7,122.8,117.9
2017-05-17,122.7,122.8,117.9
2017-05-18,122.7,122.8,117.9
2017-05-19,122.7,122.8,117.9
2017-05-22,122.7,122.8,117.9
2017-05-23,122.7,122.8,117.9
2017-05-24,122.7,122.8,117.9
2017-05-25,122.7,122.8,117.9
2017-05-26,122.7,122.8,117.9
2017-05-29,122.7,122.8,117.9
2017-05-30,122.7,122.8,117.9
2017-05-31,122.7,122.8,117.9
2017-06-01,122.5,122.6,114.4
2017-06-02,122.5,122.6,114.4
2017-06-05,122.5,122.6,114.4
2017-06-06,122.5,122.6,114.4
2017-06-07,122.5,122.6,114.4
2017-06-08,122.5,122.6,114.4
2017-06-09,122.5,122.6,114.4
2017-06-12,122.5,122.6,114.4
2017-06-13,122.5,122.6,114.4
2017-06-14,122.5,122.6,114.4
2017-06-15,122.5,122.6,114.4
2017-06-16,122.5,122.6,114.4
2017-06-19,122.5,122.6,114.4
2017-06-20,122.5,122.6,114.4
2017-06-21,122.5,122.6,114.4
2017-06-22,122.5,122.6,114.4
2017-06-23,122.5,122.6,114.4
2017-06-26,122.5,122.6,114.4
2017-06-27,122.5,122.6,114.4
2017-06-28,122.5,122.6,114.4
2017-06-29,122.5,122.6,114.4
2017-06-30,122.5,122.6,114.4
2017-07-03,121.6,121.6,112.9
2017-07-04,121.6,121.6,112.9
2017-07-05,121.6,121.6,112.9
2017-07-06,121.6,121.6,112.9
2017-07-07,121.6,121.6,112.9
2017-07-10,121.6,121.6,112.9
2017-07-11,121.6,121.6,112.9
2017-07-12,121.6,121.6,112.9
2017-07-13,121.6,121.6,112.9
2017-07-14,121.6,121.6,112.9
2017-07-17,121.6,121.6,112.9
2017-07-18,121.6,121.6,112.9
2017-07-19,121.6,121.6,112.9
2017-07-20,121.6,121.6,112.9
2017-07-21,121.6,121.6,112.9
2017-07-24,121.6,121.6,112.9
2017-07-25,121.6,121.6,112.9
2017-07-26,121.6,121.6,112.9
2017-07-27,121.6,121.6,112.9
2017-07-28,121.6,121.6,112.9
2017-07-31,121.6,121.6,112.9
2017-08-01,123.5,123.5,114.7
2017-08-02,123.5,123.5,114.7
2017-08-03,123.5,123.5,114.7
2017-08-04,123.5,123.5,114.7
2017-08-07,123.5,123.5,114.7
2017-08-08,123.5,123.5,114.7
2017-08-09,123.5,123.5,114.7
2017-08-10,123.5,123.5,114.7
2017-08-11,123.5,123.5,114.7
2017-08-14,123.5,123.5,114.7
2017-08-15,123.5,123.5,114.7
2017-08-16,123.5,123.5,114.7
2017-08-17,123.5,123.5,114.7
2017-08-18,123.5,123.5,114.7
2017-08-21,123.5,123.5,114.7
2017-08-22,123.5,123.5,114.7
2017-08-23,123.5,123.5,114.7
2017-08-24,123.5,123.5,114.7
2017-08-25,123.5,123.5,114.7
2017-08-28,123.5,123.5,114.7
2017-08-29,123.5,123.5,114.7
2017-08-30,123.5,123.5,114.7
2017-08-31,123.5,123.5,114.7
2017-09-01,126.3,126.4,120.1
2017-09-04,126.3,126.4,120.1
2017-09-05,126.3,126.4,120.1
2017-09-06,126.3,126.4,120.1
2017-09-07,126.3,126.4,120.1
2017-09-08,126.3,126.4,120.1
2017-09-11,126.3,126.4,120.1
2017-09-12,126.3,126.4,120.1
2017-09-13,126.3,126.4,120.1
2017-09-14,126.3,126.4,120.1
2017-09-15,126.3,126.4,120.1
2017-09-18,126.3,126.4,120.1
2017-09-19,126.3,126.4,120.1
2017-09-20,126.3,126.4,120.1
2017-09-21,126.3,126.4,120.1
2017-09-22,126.3,126.4,120.1
2017-09-25,126.3,126.4,120.1
2017-09-26,126.3,126.4,120.1
2017-09-27,126.3,126.4,120.1
2017-09-28,126.3,126.4,120.1
2017-09-29,126.3,126.4,120.1
2017-10-02,128.5,128.6,120.5
2017-10-03,128.5,128.6,120.5
2017-10-04,128.5,128.6,120.5
2017-10-05,128.5,128.6,120.5
2017-10-06,128.5,128.6,120.5
2017-10-09,128.5,128.6,120.5
2017-10-10,128.5,128.6,120.5
2017-10-11,128.5,128.6,120.5
2017-10-12,128.5,128.6,120.5
2017-10-13,128.5,128.6,120.5
2017-10-16,128.5,128.6,120.5
2017-10-17,128.5,128.6,120.5
2017-10-18,128.5,128.6,120.5
2017-10-19,128.5,128.6,120.5
2017-10-20,128.5,128.6,120.5
2017-10-23,128.5,128.6,120.5
2017-10-24,128.5,128.6,120.5
2017-10-25,128.5,128.6,120.5
2017-10-26,128.5,128.6,120.5
2017-10-27,128.5,128.6,120.5
2017-10-30,128.5,128.6,120.5
2017-10-31,128.5,128.6,120.5
2017-11-01,128.9,129.0,123.7
2017-11-02,128.9,129.0,123.7
2017-11-03,128.9,129.0,123.7
2017-11-06,128.9,129.0,123.7
2017-11-07,128.9,129.0,123.7
2017-11-08,128.9,129.0,123.7
2017-11-09,128.9,129.0,123.7
2017-11-10,128.9,129.0,123.7
2017-11-13,128.9,129.0,123.7
2017-11-14,128.9,129.0,123.7
2017-11-15,128.9,129.0,123.7
2017-11-16,128.9,129.0,123.7
2017-11-17,128.9,129.0,123.7
2017-11-20,128.9,129.0,123.7
2017-11-21,128.9,129.0,123.7
2017-11-22,128.9,129.0,123.7
2017-11-23,128.9,129.0,123.7
2017-11-24,128.9,129.0,123.7
2017-11-27,128.9,129.0,123.7
2017-11-28,128.9,129.0,123.7
2017-11-29,128.9,129.0,123.7
2017-11-30,128.9,129.0,123.7
2017-12-01,127.9,128.0,122.2
2017-12-04,127.9,128.0,122.2
2017-12-05,127.9,128.0,122.2
2017-12-06,127.9,128.0,122.2
2017-12-07,127.9,128.0,122.2
2017-12-08,127.9,128.0,122.2
2017-12-11,127.9,128.0,122.2
2017-12-12,127.9,128.0,122.2
2017-12-13,127.9,128.0,122.2
2017-12-14,127.9,128.0,122.2
2017-12-15,127.9,128.0,122.2
2017-12-18,127.9,128.0,122.2
2017-12-19,127.9,128.0,122.2
2017-12-20,127.9,128.0,122.2
2017-12-21,127.9,128.0,122.2
2017-12-22,127.9,128.0,122.2
2017-12-25,127.9,128.0,122.2
2017-12-26,127.9,128.0,122.2
2017-12-27,127.9,128.0,122.2
2017-12-28,127.9,128.0,122.2
2017-12-29,127.9,128.0,122.2
2018-01-01,129.7,129.7,122.2
2018-01-02,129.7,129.7,122.2
2018-01-03,129.7,129.7,122.2
2018-01-04,129.7,129.7,122.2
2018-01-05,129.7,129.7,122.2
2018-01-08,129.7,129.7,122.2
2018-01-09,129.7,129.7,122.2
2018-01-10,129.7,129.7,122.2
2018-01-11,129.7,129.7,122.2
2018-01-12,129.7,129.7,122.2
2018-01-15,129.7,129.7,122.2
2018-01-16,129.7,129.7,122.2
2018-01-17,129.7,129.7,122.2
2018-01-18,129.7,129.7,122.2
2018-01-19,129.7,129.7,122.2
2018-01-22,129.7,129.7,122.2
2018-01-23,129.7,129.7,122.2
2018-01-24,129.7,129.7,122.2
2018-01-25,129.7,129.7,122.2
2018-01-26,129.7,129.7,122.2
2018-01-29,129.7,129.7,122.2
2018-01-30,129.7,129.7,122.2
2018-01-31,129.7,129.7,122.2
2018-02-01,132.2,132.3,127.3
2018-02-02,132.2,132.3,127.3
2018-02-05,132.2,132.3,127.3
2018-02-06,132.2,132.3,127.3
2018-02-07,132.2,132.3,127.3
2018-02-08,132.2,132.3,127.3
2018-02-09,132.2,132.3,127.3
2018-02-12,132.2,132.3,127.3
2018-02-13,132.2,132.3,127.3
2018-02-14,132.2,132.3,127.3
2018-02-15,132.2,132.3,127.3
2018-02-16,132.2,132.3,127.3
2018-02-19,132.2,132.3,127.3
2018-02-20,132.2,132.3,127.3
2018-02-21,132.2,132.3,127.3
2018-02-22,132.2,132.3,127.3
2018-02-23,132.2,132.3,127.3
2018-02-26,132.2,132.3,127.3
2018-02-27,132.2,132.3,127.3
2018-02-28,132.2,132.3,127.3
2018-03-01,134.5,134.6,128.2
2018-03-02,134.5,134.6,128.2
2018-03-05,134.5,134.6,128.2
2018-03-06,134.5,134.6,128.2
2018-03-07,134.5,134.6,128.2
2018-03-08,134.5,134.6,128.2
2018-03-09,134.5,134.6,128.2
2018-03-12,134.5,134.6,128.2
2018-03-13,134.5,134.6,128.2
2018-03-14,134.5,134.6,128.2
2018-03-15,134.5,134.6,128.2
2018-03-16,134.5,134.6,128.2
2018-03-19,134.5,134.6,128.2
2018-03-20,134.5,134.6,128.2
2018-03-21,134.5,134.6,128.2
2018-03-22,134.5,134.6,128.2
2018-03-23,134.5,134.6,128.2
2018-03-26,134.5,134.6,128.2
2018-03-27,134.5,134.6,128.2
2018-03-28,134.5,134.6,128.2
2018-03-29,134.5,134.6,128.2
2018-03-30,134.5,134.6,128.2
2018-04-02,136.4,136.4,125.6
2018-04-03,136.4,136.4,125.6
2018-04-04,136.4,136.4,125.6
2018-04-05,136.4,136.4,125.6
2018-04-06,136.4,136.4,125.6
2018-04-09,136.4,136.4,125.6
2018-04-10,136.4,136.4,125.6
2018-04-11,136.4,136.4,125.6
2018-04-12,136.4,136.4,125.6
2018-04-13,136.4,136.4,125.6
2018-04-16,136.4,136.4,125.6
2018-04-17,136.4,136.4,125.6
2018-04-18,136.4,136.4,125.6
2018-04-19,136.4,136.4,125.6
2018-04-20,136.4,136.4,125.6
2018-04-23,136.4,136.4,125.6
2018-04-24,136.4,136.4,125.6
2018-04-25,136.4,136.4,125.6
2018-04-26,136.4,136.4,125.6
2018-04-27,136.4,136.4,125.6
2018-04-30,136.4,136.4,125.6
2018-05-01,142.6,142.7,130.9
2018-05-02,142.6,142.7,130.9
2018-05-03,142.6,142.7,130.9
2018-05-04,142.6,142.7,130.9
2018-05-07,142.6,142.7,130.9
2018-05-08,142.6,142.7,130.9
2018-05-09,142.6,142.7,130.9
2018-05-10,142.6,142.7,130.9
2018-05-11,142.6,142.7,130.9
2018-05-14,142.6,142.7,130.9
2018-05-15,142.6,142.7,130.9
2018-05-16,142.6,142.7,130.9
2018-05-17,142.6,142.7,130.9
2018-05-18,142.6,142.7,130.9
2018-05-21,142.6,142.7,130.9
2018-05-22,142.6,142.7,130.9
2018-05-23,142.6,142.7,130.9
2018-05-24,142.6,142.7,130.9
2018-05-25,142.6,142.7,130.9
2018-05-28,142.6,142.7,130.9
2018-05-29,142.6,142.7,130.9
2018-05-30,142.6,142.7,130.9
2018-05-31,142.6,142.7,130.9
2018-06-01,144.6,144.7,130.8
2018-06-04,144.6,144.7,130.8
2018-06-05,144.6,144.7,130.8
2018-06-06,144.6,144.7,130.8
2018-06-07,144.6,144.7,130.8
2018-06-08,144.6,144.7,130.8
2018-06-11,144.6,144.7,130.8
2018-06-12,144.6,144.7,130.8
2018-06-13,144.6,144.7,130.8
2018-06-14,144.6,144.7,130.8
2018-06-15,144.6,144.7,130.8
2018-06-18,144.6,144.7,130.8
2018-06-19,144.6,144.7,130.8
2018-06-20,144.6,144.7,130.8
2018-06-21,144.6,144.7,130.8
2018-06-22,144.6,144.7,130.8
2018-06-25,144.6,144.7,130.8
2018-06-26,144.6,144.7,130.8
2018-06-27,144.6,144.7,130.8
2018-06-28,144.6,144.7,130.8
2018-06-29,144.6,144.7,130.8
2018-07-02,140.0,140.1,127.0
2018-07-03,140.0,140.1,127.0
2018-07-04,140.0,140.1,127.0
2018-07-05,140.0,140.1,127.0
2018-07-06,140.0,140.1,127.0
2018-07-09,140.0,140.1,127.0
2018-07-10,140.0,140.1,127.0
2018-07-11,140.0,140.1,127.0
2018-07-12,140.0,140.1,127.0
2018-07-13,140.0,140.1,127.0
2018-07-16,140.0,140.1,127.0
2018-07-17,140.0,140.1,127.0
2018-07-18,140.0,140.1,127.0
2018-07-19,140.0,140.1,127.0
2018-07-20,140.0,140.1,127.0
2018-07-23,140.0,140.1,127.0
2018-07-24,140.0,140.1,127.0
2018-07-25,140.0,140.1,127.0
2018-07-26,140.0,140.1,127.0
2018-07-27,140.0,140.1,127.0
2018-07-30,140.0,140.1,127.0
2018-07-31,140.0,140.1,127.0
2018-08-01,137.8,137.9,118.6
2018-08-02,137.8,137.9,118.6
2018-08-03,137.8,137.9,118.6
2018-08-06,137.8,137.9,118.6
2018-08-07,137.8,137.9,118.6
2018-08-08,137.8,137.9,118.6
2018-08-09,137.8,137.9,118.6
2018-08-10,137.8,137.9,118.6
2018-08-13,137.8,137.9,118.6
2018-08-14,137.8,137.9,118.6
2018-08-15,137.8,137.9,118.6
2018-08-16,137.8,137.9,118.6
2018-08-17,137.8,137.9,118.6
2018-08-20,137.8,137.9,118.6
2018-08-21,137.8,137.9,118.6
2018-08-22,137.8,137.9,118.6
2018-08-23,137.8,137.9,118.6
2018-08-24,137.8,137.9,118.6
2018-08-27,137.8,137.9,118.6
2018-08-28,137.8,137.9,118.6
2018-08-29,137.8,137.9,118.6
2018-08-30,137.8,137.9,118.6
2018-08-31,137.8,137.9,118.6
2018-09-03,136.9,136.9,116.2
2018-09-04,136.9,136.9,116.2
2018-09-05,136.9,136.9,116.2
2018-09-06,136.9,136.9,116.2
2018-09-07,136.9,136.9,116.2
2018-09-10,136.9,136.9,116.2
2018-09-11,136.9,136.9,116.2
2018-09-12,136.9,136.9,116.2
2018-09-13,136.9,136.9,116.2
2018-09-14,136.9,136.9,116.2
2018-09-17,136.9,136.9,116.2
2018-09-18,136.9,136.9,116.2
2018-09-19,136.9,136.9,116.2
2018-09-20,136.9,136.9,116.2
2018-09-21,136.9,136.9,116.2
2018-09-24,136.9,136.9,116.2
2018-09-25,136.9,136.9,116.2
2018-09-26,136.9,136.9,116.2
2018-09-27,136.9,136.9,116.2
2018-09-28,136.9,136.9,116.2
2018-10-01,136.6,136.7,115.1
2018-10-02,136.6,136.7,115.1
2018-10-03,136.6,136.7,115.1
2018-10-04,136.6,136.7,115.1
2018-10-05,136.6,136.7,115.1
2018-10-08,136.6,136.7,115.1
2018-10-09,136.6,136.7,115.1
2018-10-10,136.6,136.7,115.1
2018-10-11,136.6,136.7,115.1
2018-10-12,136.6,136.7,115.1
2018-10-15,136.6,136.7,115.1
2018-10-16,136.6,136.7,115.1
2018-10-17,136.6,136.7,115.1
2018-10-18,136.6,136.7,115.1
2018-10-19,136.6,136.7,115.1
2018-10-22,136.6,136.7,115.1
2018-10-23,136.6,136.7,115.1
2018-10-24,136.6,136.7,115.1
2018-10-25,136.6,136.7,115.1
2018-10-26,136.6,136.7,115.1
2018-10-29,136.6,136.7,115.1
2018-10-30,136.6,136.7,115.1
2018-10-31,136.6,136.7,115.1
2018-11-01,134.7,134.8,114.8
2018-11-02,134.7,134.8,114.8
2018-11-05,134.7,134.8,114.8
2018-11-06,134.7,134.8,114.8
2018-11-07,134.7,134.8,114.8
2018-11-08,134.7,134.8,114.8
2018-11-09,134.7,134.8,114.8
2018-11-12,134.7,134.8,114.8
2018-11-13,134.7,134.8,114.8
2018-11-14,134.7,134.8,114.8
2018-11-15,134.7,134.8,114.8
2018-11-16,134.7,134.8,114.8
2018-11-19,134.7,134.8,114.8
2018-11-20,134.7,134.8,114.8
2018-11-21,134.7,134.8,114.8
2018-11-22,134.7,134.8,114.8
2018-11-23,134.7,134.8,114.8
2018-11-26,134.7,134.8,114.8
2018-11-27,134.7,134.8,114.8
2018-11-28,134.7,134.8,114.8
2018-11-29,134.7,134.8,114.8
2018-11-30,134.7,134.8,114.8
2018-12-03,133.6,133.6,111.1
2018-12-04,133.6,133.6,111.1
2018-12-05,133.6,133.6,111.1
2018-12-06,133.6,133.6,111.1
2018-12-07,133.6,133.6,111.1
2018-12-10,133.6,133.6,111.1
2018-12-11,133.6,133.6,111.1
2018-12-12,133.6,133.6,111.1
2018-12-13,133.6,133.6,111.1
2018-12-14,133.6,133.6,111.1
2018-12-17,133.6,133.6,111.1
2018-12-18,133.6,133.6,111.1
2018-12-19,133.6,133.6,111.1
2018-12-20,133.6,133.6,111.1
2018-12-21,133.6,133.6,111.1
2018-12-24,133.6,133.6,111.1
2018-12-25,133.6,133.6,111.1
2018-12-26,133.6,133.6,111.1
2018-12-27,133.6,133.6,111.1
2018-12-28,133.6,133.6,111.1
2018-12-31,133.6,133.6,111.1
2019-01-01,133.0,133.1,110.3
2019-01-02,133.0,133.1,110.3
2019-01-03,133.0,133.1,110.3
2019-01-04,133.0,133.1,110.3
2019-01-07,133.0,133.1,110.3
2019-01-08,133.0,133.1,110.3
2019-01-09,133.0,133.1,110.3
2019-01-10,133.0,133.1,110.3
2019-01-11,133.0,133.1,110.3
2019-01-14,133.0,133.1,110.3
2019-01-15,133.0,133.1,110.3
2019-01-16,133.0,133.1,110.3
2019-01-17,133.0,133.1,110.3
2019-01-18,133.0,133.1,110.3
2019-01-21,133.0,133.1,110.3
2019-01-22,133.0,133.1,110.3
2019-01-23,133.0,133.1,110.3
2019-01-24,133.0,133.1,110.3
2019-01-25,133.0,133.1,110.3
2019-01-28,133.0,133.1,110.3
2019-01-29,133.0,133.1,110.3
2019-01-30,133.0,133.1,110.3
2019-01-31,133.0,133.1,110.3
2019-02-01,133.2,133.3,107.4
2019-02-04,133.2,133.3,107.4
2019-02-05,133.2,133.3,107.4
2019-02-06,133.2,133.3,107.4
2019-02-07,133.2,133.3,107.4
2019-02-08,133.2,133.3,107.4
2019-02-11,133.2,133.3,107.4
2019-02-12,133.2,133.3,107.4
2019-02-13,133.2,133.3,107.4
2019-02-14,133.2,133.3,107.4
2019-02-15,133.2,133.3,107.4
2019-02-18,133.2,133.3,107.4
2019-02-19,133.2,133.3,107.4
2019-02-20,133.2,133.3,107.4
2019-02-21,133.2,133.3,107.4
2019-02-22,133.2,133.3,107.4
2019-02-25,133.2,133.3,107.4
2019-02-26,133.2,133.3,107.4
2019-02-27,133.2,133.3,107.4
2019-02-28,133.2,133.3,107.4
2019-03-01,133.6,133.6,108.3
2019-03-04,133.6,133.6,108.3
2019-03-05,133.6,133.6,108.3
2019-03-06,133.6,133.6,108.3
2019-03-07,133.6,133.6,108.3
2019-03-08,133.6,133.6,108.3
2019-03-11,133.6,133.6,108.3
2019-03-12,133.6,133.6,108.3
2019-03-13,133.6,133.6,108.3
2019-03-14,133.6,133.6,108.3
2019-03-15,133.6,133.6,108.3
2019-03-18,133.6,133.6,108.3
2019-03-19,133.6,133.6,108.3
2019-03-20,133.6,133.6,108.3
2019-03-21,133.6,133.6,108.3
2019-03-22,133.6,133.6,108.3
2019-03-25,133.6,133.6,108.3
2019-03-26,133.6,133.6,108.3
2019-03-27,133.6,133.6,108.3
2019-03-28,133.6,133.6,108.3
2019-03-29,133.6,133.6,108.3
2019-04-01,134.1,134.2,112.1
2019-04-02,134.1,134.2,112.1
2019-04-03,134.1,134.2,112.1
2019-04-04,134.1,134.2,112.1
2019-04-05,134.1,134.2,112.1
2019-04-08,134.1,134.2,112.1
2019-04-09,134.1,134.2,112.1
2019-04-10,134.1,134.2,112.1
2019-04-11,134.1,134.2,112.1
2019-04-12,134.1,134.2,112.1
2019-04-15,134.1,134.2,112.1
2019-04-16,134.1,134.2,112.1
2019-04-17,134.1,134.2,112.1
2019-04-18,134.1,134.2,112.1
2019-04-19,134.1,134.2,112.1
2019-04-22,134.1,134.2,112.1
2019-04-23,134.1,134.2,112.1
2019-04-24,134.1,134.2,112.1
2019-04-25,134.1,134.2,112.1
2019-04-26,134.1,134.2,112.1
2019-04-29,134.1,134.2,112.1
2019-04-30,134.1,134.2,112.1
2019-05-01,132.4,132.5,109.5
2019-05-02,132.4,132.5,109.5
2019-05-03,132.4,132.5,109.5
2019-05-06,132.4,132.5,109.5
2019-05-07,132.4,132.5,109.5
2019-05-08,132.4,132.5,109.5
2019-05-09,132.4,132.5,109.5
2019-05-10,132.4,132.5,109.5
2019-05-13,132.4,132.5,109.5
2019-05-14,132.4,132.5,109.5
2019-05-15,132.4,132.5,109.5
2019-05-16,132.4,132.5,109.5
2019-05-17,132.4,132.5,109.5
2019-05-20,132.4,132.5,109.5
2019-05-21,132.4,132.5,109.5
2019-05-22,132.4,132.5,109.5
2019-05-23,132.4,132.5,109.5
2019-05-24,132.4,132.5,109.5
2019-05-27,132.4,132.5,109.5
2019-05-28,132.4,132.5,109.5
2019-05-29,132.4,132.5,109.5
2019-05-30,132.4,132.5,109.5
2019-05-31,132.4,132.5,109.5
2019-06-03,130.8,130.9,106.4
2019-06-04,130.8,130.9,106.4
2019-06-05,130.8,130.9,106.4
2019-06-06,130.8,130.9,106.4
2019-06-07,130.8,130.9,106.4
2019-06-10,130.8,130.9,106.4
2019-06-11,130.8,130.9,106.4
2019-06-12,130.8,130.9,106.4
2019-06-13,130.8,130.9,106.4
2019-06-14,130.8,130.9,106.4
2019-06-17,130.8,130.9,106.4
2019-06-18,130.8,130.9,106.4
2019-06-19,130.8,130.9,106.4
2019-06-20,130.8,130.9,106.4
2019-06-21,130.8,130.9,106.4
2019-06-24,130.8,130.9,106.4
2019-06-25,130.8,130.9,106.4
2019-06-26,130.8,130.9,106.4
2019-06-27,130.8,130.9,106.4
2019-06-28,130.8,130.9,106.4
2019-07-01,130.5,130.6,104.7
2019-07-02,130.5,130.6,104.7
2019-07-03,130.5,130.6,104.7
2019-07-04,130.5,130.6,104.7
2019-07-05,130.5,130.6,104.7
2019-07-08,130.5,130.6,104.7
2019-07-09,130.5,130.6,104.7
2019-07-10,130.5,130.6,104.7
2019-07-11,130.5,130.6,104.7
2019-07-12,130.5,130.6,104.7
2019-07-15,130.5,130.6,104.7
2019-07-16,130.5,130.6,104.7
2019-07-17,130.5,130.6,104.7
2019-07-18,130.5,130.6,104.7
2019-07-19,130.5,130.6,104.7
2019-07-22,130.5,130.6,104.7
2019-07-23,130.5,130.6,104.7
2019-07-24,130.5,130.6,104.7
2019-07-25,130.5,130.6,104.7
2019-07-26,130.5,130.6,104.7
2019-07-29,130.5,130.6,104.7
2019-07-30,130.5,130.6,104.7
2019-07-31,130.5,130.6,104.7
2019-08-01,128.2,128.3,103.2
2019-08-02,128.2,128.3,103.2
2019-08-05,128.2,128.3,103.2
2019-08-06,128.2,128.3,103.2
2019-08-07,128.2,128.3,103.2
2019-08-08,128.2,128.3,103.2
2019-08-09,128.2,128.3,103.2
2019-08-12,128.2,128.3,103.2
2019-08-13,128.2,128.3,103.2
2019-08-14,128.2,128.3,103.2
2019-08-15,128.2,128.3,103.2
2019-08-16,128.2,128.3,103.2
2019-08-19,128.2,128.3,103.2
2019-08-20,128.2,128.3,103.2
2019-08-21,128.2,128.3,103.2
2019-08-22,128.2,128.3,103.2
2019-08-23,128.2,128.3,103.2
2019-08-26,128.2,128.3,103.2
2019-08-27,128.2,128.3,103.2
2019-08-28,128.2,128.3,103.2
2019-08-29,128.2,128.3,103.2
2019-08-30,128.2,128.3,103.2
2019-09-02,127.6,127.7,99.7
2019-09-03,127.6,127.7,99.7
2019-09-04,127.6,127.7,99.7
2019-09-05,127.6,127.7,99.7
2019-09-06,127.6,127.7,99.7
2019-09-09,127.6,127.7,99.7
2019-09-10,127.6,127.7,99.7
2019-09-11,127.6,127.7,99.7
2019-09-12,127.6,127.7,99.7
2019-09-13,127.6,127.7,99.7
2019-09-16,127.6,127.7,99.7
2019-09-17,127.6,127.7,99.7
2019-09-18,127.6,127.7,99.7
2019-09-19,127.6,127.7,99.7
2019-09-20,127.6,127.7,99.7
2019-09-23,127.6,127.7,99.7
2019-09-24,127.6,127.7,99.7
2019-09-25,127.6,127.7,99.7
2019-09-26,127.6,127.7,99.7
2019-09-27,127.6,127.7,99.7
2019-09-30,127.6,127.7,99.7
2019-10-01,126.5,126.6,99.6
2019-10-02,126.5,126.6,99.6
2019-10-03,126.5,126.6,99.6
2019-10-04,126.5,126.6,99.6
2019-10-07,126.5,126.6,99.6
2019-10-08,126.5,126.6,99.6
2019-10-09,126.5,126.6,99.6
2019-10-10,126.5,126.6,99.6
2019-10-11,126.5,126.6,99.6
2019-10-14,126.5,126.6,99.6
2019-10-15,126.5,126.6,99.6
2019-10-16,126.5,126.6,99.6
2019-10-17,126.5,126.6,99.6
2019-10-18,126.5,126.6,99.6
2019-10-21,126.5,126.6,99.6
2019-10-22,126.5,126.6,99.6
2019-10-23,126.5,126.6,99.6
2019-10-24,126.5,126.6,99.6
2019-10-25,126.5,126.6,99.6
2019-10-28,126.5,126.6,99.6
2019-10-29,126.5,126.6,99.6
2019-10-30,126.5,126.6,99.6
2019-10-31,126.5,126.6,99.6
2019-11-01,125.3,125.4,99.1
2019-11-04,125.3,125.4,99.1
2019-11-05,125.3,125.4,99.1
2019-11-06,125.3,125.4,99.1
2019-11-07,125.3,125.4,99.1
2019-11-08,125.3,125.4,99.1
2019-11-11,125.3,125.4,99.1
2019-11-12,125.3,125.4,99.1
2019-11-13,125.3,125.4,99.1
2019-11-14,125.3,125.4,99.1
2019-11-15,125.3,125.4,99.1
2019-11-18,125.3,125.4,99.1
2019-11-19,125.3,125.4,99.1
2019-11-20,125.3,125.4,99.1
2019-11-21,125.3,125.4,99.1
2019-11-22,125.3,125.4,99.1
2019-11-25,125.3,125.4,99.1
2019-11-26,125.3,125.4,99.1
2019-11-27,125.3,125.4,99.1
2019-11-28,125.3,125.4,99.1
2019-11-29,125.3,125.4,99.1
2019-12-02,125.4,125.5,98.9
2019-12-03,125.4,125.5,98.9
2019-12-04,125.4,125.5,98.9
2019-12-05,125.4,125.5,98.9
2019-12-06,125.4,125.5,98.9
2019-12-09,125.4,125.5,98.9
2019-12-10,125.4,125.5,98.9
2019-12-11,125.4,125.5,98.9
2019-12-12,125.4,125.5,98.9
2019-12-13,125.4,125.5,98.9
2019-12-16,125.4,125.5,98.9
2019-12-17,125.4,125.5,98.9
2019-12-18,125.4,125.5,98.9
2019-12-19,125.4,125.5,98.9
2019-12-20,125.4,125.5,98.9
2019-12-23,125.4,125.5,98.9
2019-12-24,125.4,125.5,98.9
2019-12-25,125.4,125.5,98.9
2019-12-26,125.4,125.5,98.9
2019-12-27,125.4,125.5,98.9
2019-12-30,125.4,125.5,98.9
2019-12-31,125.4,125.5,98.9
2020-01-01,125.9,126.0,99.6
2020-01-02,125.9,126.0,99.6
2020-01-03,125.9,126.0,99.6
2020-01-06,125.9,126.0,99.6
2020-01-07,125.9,126.0,99.6
2020-01-08,125.9,126.0,99.6
2020-01-09,125.9,126.0,99.6
2020-01-10,125.9,126.0,99.6
2020-01-13,125.9,126.0,99.6
2020-01-14,125.9,126.0,99.6
2020-01-15,125.9,126.0,99.6
2020-01-16,125.9,126.0,99.6
2020-01-17,125.9,126.0,99.6
2020-01-20,125.9,126.0,99.6
2020-01-21,125.9,126.0,99.6
2020-01-22,125.9,126.0,99.6
2020-01-23,125.9,126.0,99.6
2020-01-24,125.9,126.0,99.6
2020-01-27,125.9,126.0,99.6
2020-01-28,125.9,126.0,99.6
2020-01-29,125.9,126.0,99.6
2020-01-30,125.9,126.0,99.6
2020-01-31,125.9,126.0,99.6
2020-02-03,123.0,123.1,101.2
2020-02-04,123.0,123.1,101.2
2020-02-05,123.0,123.1,101.2
2020-02-06,123.0,123.1,101.2
2020-02-07,123.0,123.1,101.2
2020-02-10,123.0,123.1,101.2
2020-02-11,123.0,123.1,101.2
2020-02-12,123.0,123.1,101.2
2020-02-13,123.0,123.1,101.2
2020-02-14,123.0,123.1,101.2
2020-02-17,123.0,123.1,101.2
2020-02-18,123.0,123.1,101.2
2020-02-19,123.0,123.1,101.2
2020-02-20,123.0,123.1,101.2
2020-02-21,123.0,123.1,101.2
2020-02-24,123.0,123.1,101.2
2020-02-25,123.0,123.1,101.2
2020-02-26,123.0,123.1,101.2
2020-02-27,123.0,123.1,101.2
2020-02-28,123.0,123.1,101.2
2020-03-02,121.6,121.7,99.1
2020-03-03,121.6,121.7,99.1
2020-03-04,121.6,121.7,99.1
2020-03-05,121.6,121.7,99.1
2020-03-06,121.6,121.7,99.1
2020-03-09,121.6,121.7,99.1
2020-03-10,121.6,121.7,99.1
2020-03-11,121.6,121.7,99.1
2020-03-12,121.6,121.7,99.1
2020-03-13,121.6,121.7,99.1
2020-03-16,121.6,121.7,99.1
2020-03-17,121.6,121.7,99.1
2020-03-18,121.6,121.7,99.1
2020-03-19,121.6,121.7,99.1
2020-03-20,121.6,121.7,99.1
2020-03-23,121.6,121.7,99.1
2020-03-24,121.6,121.7,99.1
2020-03-25,121.6,121.7,99.1
2020-03-26,121.6,121.7,99.1
2020-03-27,121.6,121.7,99.1
2020-03-30,121.6,121.7,99.1
2020-03-31,121.6,121.7,99.1
2020-04-01,115.6,115.6,94.4
2020-04-02,115.6,115.6,94.4
2020-04-03,115.6,115.6,94.4
2020-04-06,115.6,115.6,94.4
2020-04-07,115.6,115.6,94.4
2020-04-08,115.6,115.6,94.4
2020-04-09,115.6,115.6,94.4
2020-04-10,115.6,115.6,94.4
2020-04-13,115.6,115.6,94.4
2020-04-14,115.6,115.6,94.4
2020-04-15,115.6,115.6,94.4
2020-04-16,115.6,115.6,94.4
2020-04-17,115.6,115.6,94.4
2020-04-20,115.6,115.6,94.4
2020-04-21,115.6,115.6,94.4
2020-04-22,115.6,115.6,94.4
2020-04-23,115.6,115.6,94.4
2020-04-24,115.6,115.6,94.4
2020-04-27,115.6,115.6,94.4
2020-04-28,115.6,115.6,94.4
2020-04-29,115.6,115.6,94.4
2020-04-30,115.6,115.6,94.4
2020-05-01,111.2,111.3,90.8
2020-05-04,111.2,111.3,90.8
2020-05-05,111.2,111.3,90.8
2020-05-06,111.2,111.3,90.8
2020-05-07,111.2,111.3,90.8
2020-05-08,111.2,111.3,90.8
2020-05-11,111.2,111.3,90.8
2020-05-12,111.2,111.3,90.8
2020-05-13,111.2,111.3,90.8
2020-05-14,111.2,111.3,90.8
2020-05-15,111.2,111.3,90.8
2020-05-18,111.2,111.3,90.8
2020-05-19,111.2,111.3,90.8
2020-05-20,111.2,111.3,90.8
2020-05-21,111.2,111.3,90.8
2020-05-22,111.2,111.3,90.8
2020-05-25,111.2,111.3,90.8
2020-05-26,111.2,111.3,90.8
2020-05-27,111.2,111.3,90.8
2020-05-28,111.2,111.3,90.8
2020-05-29,111.2,111.3,90.8
2020-06-01,110.9,110.9,90.1
2020-06-02,110.9,110.9,90.1
2020-06-03,110.9,110.9,90.1
2020-06-04,110.9,110.9,90.1
2020-06-05,110.9,110.9,90.1
2020-06-08,110.9,110.9,90.1
2020-06-09,110.9,110.9,90.1
2020-06-10,110.9,110.9,90.1
2020-06-11,110.9,110.9,90.1
2020-06-12,110.9,110.9,90.1
2020-06-15,110.9,110.9,90.1
2020-06-16,110.9,110.9,90.1
2020-06-17,110.9,110.9,90.1
2020-06-18,110.9,110.9,90.1
2020-06-19,110.9,110.9,90.1
2020-06-22,110.9,110.9,90.1
2020-06-23,110.9,110.9,90.1
2020-06-24,110.9,110.9,90.1
2020-06-25,110.9,110.9,90.1
2020-06-26,110.9,110.9,90.1
2020-06-29,110.9,110.9,90.1
2020-06-30,110.9,110.9,90.1
2020-07-01,113.0,113.0,94.0
2020-07-02,113.0,113.0,94.0
2020-07-03,113.0,113.0,94.0
2020-07-06,113.0,113.0,94.0
2020-07-07,113.0,113.0,94.0
2020-07-08,113.0,113.0,94.0
2020-07-09,113.0,113.0,94.0
2020-07-10,113.0,113.0,94.0
2020-07-13,113.0,113.0,94.0
2020-07-14,113.0,113.0,94.0
2020-07-15,113.0,113.0,94.0
2020-07-16,113.0,113.0,94.0
2020-07-17,113.0,113.0,94.0
2020-07-20,113.0,113.0,94.0
2020-07-21,113.0,113.0,94.0
2020-07-22,113.0,113.0,94.0
2020-07-23,113.0,113.0,94.0
2020-07-24,113.0,113.0,94.0
2020-07-27,113.0,113.0,94.0
2020-07-28,113.0,113.0,94.0
2020-07-29,113.0,113.0,94.0
2020-07-30,113.0,113.0,94.0
2020-07-31,113.0,113.0,94.0
2020-08-03,116.0,116.1,98.1
2020-08-04,116.0,116.1,98.1
2020-08-05,116.0,116.1,98.1
2020-08-06,116.0,116.1,98.1
2020-08-07,116.0,116.1,98.1
2020-08-10,116.0,116.1,98.1
2020-08-11,116.0,116.1,98.1
2020-08-12,116.0,116.1,98.1
2020-08-13,116.0,116.1,98.1
2020-08-14,116.0,116.1,98.1
2020-08-17,116.0,116.1,98.1
2020-08-18,116.0,116.1,98.1
2020-08-19,116.0,116.1,98.1
2020-08-20,116.0,116.1,98.1
2020-08-21,116.0,116.1,98.1
2020-08-24,116.0,116.1,98.1
2020-08-25,116.0,116.1,98.1
2020-08-26,116.0,116.1,98.1
2020-08-27,116.0,116.1,98.1
2020-08-28,116.0,116.1,98.1
2020-08-31,116.0,116.1,98.1
2020-09-01,120.4,120.4,104.0
2020-09-02,120.4,120.4,104.0
2020-09-03,120.4,120.4,104.0
2020-09-04,120.4,120.4,104.0
2020-09-07,120.4,120.4,104.0
2020-09-08,120.4,120.4,104.0
2020-09-09,120.4,120.4,104.0
2020-09-10,120.4,120.4,104.0
2020-09-11,120.4,120.4,104.0
2020-09-14,120.4,120.4,104.0
2020-09-15,120.4,120.4,104.0
2020-09-16,120.4,120.4,104.0
2020-09-17,120.4,120.4,104.0
2020-09-18,120.4,120.4,104.0
2020-09-21,120.4,120.4,104.0
2020-09-22,120.4,120.4,104.0
2020-09-23,120.4,120.4,104.0
2020-09-24,120.4,120.4,104.0
2020-09-25,120.4,120.4,104.0
2020-09-28,120.4,120.4,104.0
2020-09-29,120.4,120.4,104.0
2020-09-30,120.4,120.4,104.0
2020-10-01,120.7,120.8,106.5
2020-10-02,120.7,120.8,106.5
2020-10-05,120.7,120.8,106.5
2020-10-06,120.7,120.8,106.5
2020-10-07,120.7,120.8,106.5
2020-10-08,120.7,120.8,106.5
2020-10-09,120.7,120.8,106.5
2020-10-12,120.7,120.8,106.5
2020-10-13,120.7,120.8,106.5
2020-10-14,120.7,120.8,106.5
2020-10-15,120.7,120.8,106.5
2020-10-16,120.7,120.8,106.5
2020-10-19,120.7,120.8,106.5
2020-10-20,120.7,120.8,106.5
2020-10-21,120.7,120.8,106.5
2020-10-22,120.7,120.8,106.5
2020-10-23,120.7,120.8,106.5
2020-10-26,120.7,120.8,106.5
2020-10-27,120.7,120.8,106.5
2020-10-28,120.7,120.8,106.5
2020-10-29,120.7,120.8,106.5
2020-10-30,120.7,120.8,106.5
2020-11-02,121.9,122.0,110.8
2020-11-03,121.9,122.0,110.8
2020-11-04,121.9,122.0,110.8
2020-11-05,121.9,122.0,110.8
2020-11-06,121.9,122.0,110.8
2020-11-09,121.9,122.0,110.8
2020-11-10,121.9,122.0,110.8
2020-11-11,121.9,122.0,110.8
2020-11-12,121.9,122.0,110.8
2020-11-13,121.9,122.0,110.8
2020-11-16,121.9,122.0,110.8
2020-11-17,121.9,122.0,110.8
2020-11-18,121.9,122.0,110.8
2020-11-19,121.9,122.0,110.8
2020-11-20,121.9,122.0,110.8
2020-11-23,121.9,122.0,110.8
2020-11-24,121.9,122.0,110.8
2020-11-25,121.9,122.0,110.8
2020-11-26,121.9,122.0,110.8
2020-11-27,121.9,122.0,110.8
2020-11-30,121.9,122.0,110.8
2020-12-01,127.1,127.2,121.4
2020-12-02,127.1,127.2,121.4
2020-12-03,127.1,127.2,121.4
2020-12-04,127.1,127.2,121.4
2020-12-07,127.1,127.2,121.4
2020-12-08,127.1,127.2,121.4
2020-12-09,127.1,127.2,121.4
2020-12-10,127.1,127.2,121.4
2020-12-11,127.1,127.2,121.4
2020-12-14,127.1,127.2,121.4
2020-12-15,127.1,127.2,121.4
2020-12-16,127.1,127.2,121.4
2020-12-17,127.1,127.2,121.4
2020-12-18,127.1,127.2,121.4
2020-12-21,127.1,127.2,121.4
2020-12-22,127.1,127.2,121.4
2020-12-23,127.1,127.2,121.4
2020-12-24,127.1,127.2,121.4
2020-12-25,127.1,127.2,121.4
2020-12-28,127.1,127.2,121.4
2020-12-29,127.1,127.2,121.4
2020-12-30,127.1,127.2,121.4
2020-12-31,127.1,127.2,121.4
2021-01-01,130.8,130.9,132.5
2021-01-04,130.8,130.9,132.5
2021-01-05,130.8,130.9,132.5
2021-01-06,130.8,130.9,132.5
2021-01-07,130.8,130.9,132.5
2021-01-08,130.8,130.9,132.5
2021-01-11,130.8,130.9,132.5
2021-01-12,130.8,130.9,132.5
2021-01-13,130.8,130.9,132.5
2021-01-14,130.8,130.9,132.5
2021-01-15,130.8,130.9,132.5
2021-01-18,130.8,130.9,132.5
2021-01-19,130.8,130.9,132.5
2021-01-20,130.8,130.9,132.5
2021-01-21,130.8,130.9,132.5
2021-01-22,130.8,130.9,132.5
2021-01-25,130.8,130.9,132.5
2021-01-26,130.8,130.9,132.5
2021-01-27,130.8,130.9,132.5
2021-01-28,130.8,130.9,132.5
2021-01-29,130.8,130.9,132.5
2021-02-01,132.4,132.5,132.5
2021-02-02,132.4,132.5,132.5
2021-02-03,132.4,132.5,132.5
2021-02-04,132.4,132.5,132.5
2021-02-05,132.4,132.5,132.5
2021-02-08,132.4,132.5,132.5
2021-02-09,132.4,132.5,132.5
2021-02-10,132.4,132.5,132.5
2021-02-11,132.4,132.5,132.5
2021-02-12,132.4,132.5,132.5
2021-02-15,132.4,132.5,132.5
2021-02-16,132.4,132.5,132.5
2021-02-17,132.4,132.5,132.5
2021-02-18,132.4,132.5,132.5
2021-02-19,132.4,132.5,132.5
2021-02-22,132.4,132.5,132.5
2021-02-23,132.4,132.5,132.5
2021-02-24,132.4,132.5,132.5
2021-02-25,132.4,132.5,132.5
2021-02-26,132.4,132.5,132.5
2021-03-01,135.8,135.9,137.5
2021-03-02,135.8,135.9,137.5
2021-03-03,135.8,135.9,137.5
2021-03-04,135.8,135.9,137.5
2021-03-05,135.8,135.9,137.5
2021-03-08,135.8,135.9,137.5
2021-03-09,135.8,135.9,137.5
2021-03-10,135.8,135.9,137.5
2021-03-11,135.8,135.9,137.5
2021-03-12,135.8,135.9,137.5
2021-03-15,135.8,135.9,137.5
2021-03-16,135.8,135.9,137.5
2021-03-17,135.8,135.9,137.5
2021-03-18,135.8,135.9,137.5
2021-03-19,135.8,135.9,137.5
2021-03-22,135.8,135.9,137.5
2021-03-23,135.8,135.9,137.5
2021-03-24,135.8,135.9,137.5
2021-03-25,135.8,135.9,137.5
2021-03-26,135.8,135.9,137.5
2021-03-29,135.8,135.9,137.5
2021-03-30,135.8,135.9,137.5
2021-03-31,135.8,135.9,137.5
2021-04-01,142.9,143.0,140.0
2021-04-02,142.9,143.0,140.0
2021-04-05,142.9,143.0,140.0
2021-04-06,142.9,143.0,140.0
2021-04-07,142.9,143.0,140.0
2021-04-08,142.9,143.0,140.0
2021-04-09,142.9,143.0,140.0
2021-04-12,142.9,143.0,140.0
2021-04-13,142.9,143.0,140.0
2021-04-14,142.9,143.0,140.0
2021-04-15,142.9,143.0,140.0
2021-04-16,142.9,143.0,140.0
2021-04-19,142.9,143.0,140.0
2021-04-20,142.9,143.0,140.0
2021-04-21,142.9,143.0,140.0
2021-04-22,142.9,143.0,140.0
2021-04-23,142.9,143.0,140.0
2021-04-26,142.9,143.0,140.0
2021-04-27,142.9,143.0,140.0
2021-04-28,142.9,143.0,140.0
2021-04-29,142.9,143.0,140.0
2021-04-30,142.9,143.0,140.0
2021-05-03,149.6,149.6,141.8
2021-05-04,149.6,149.6,141.8
2021-05-05,149.6,149.6,141.8
2021-05-06,149.6,149.6,141.8
2021-05-07,149.6,149.6,141.8
2021-05-10,149.6,149.6,141.8
2021-05-11,149.6,149.6,141.8
2021-05-12,149.6,149.6,141.8
2021-05-13,149.6,149.6,141.8
2021-05-14,149.6,149.6,141.8
2021-05-17,149.6,149.6,141.8
2021-05-18,149.6,149.6,141.8
2021-05-19,149.6,149.6,141.8
2021-05-20,149.6,149.6,141.8
2021-05-21,149.6,149.6,141.8
2021-05-24,149.6,149.6,141.8
2021-05-25,149.6,149.6,141.8
2021-05-26,149.6,149.6,141.8
2021-05-27,149.6,149.6,141.8
2021-05-28,149.6,149.6,141.8
2021-05-31,149.6,149.6,141.8
2021-06-01,153.8,153.9,144.9
2021-06-02,153.8,153.9,144.9
2021-06-03,153.8,153.9,144.9
2021-06-04,153.8,153.9,144.9
2021-06-07,153.8,153.9,144.9
2021-06-08,153.8,153.9,144.9
2021-06-09,153.8,153.9,144.9
2021-06-10,153.8,153.9,144.9
2021-06-11,153.8,153.9,144.9
2021-06-14,153.8,153.9,144.9
2021-06-15,153.8,153.9,144.9
2021-06-16,153.8,153.9,144.9
2021-06-17,153.8,153.9,144.9
2021-06-18,153.8,153.9,144.9
2021-06-21,153.8,153.9,144.9
2021-06-22,153.8,153.9,144.9
2021-06-23,153.8,153.9,144.9
2021-06-24,153.8,153.9,144.9
2021-06-25,153.8,153.9,144.9
2021-06-28,153.8,153.9,144.9
2021-06-29,153.8,153.9,144.9
2021-06-30,153.8,153.9,144.9
2021-07-01,154.696,154.785,147.4
2021-07-02,154.696,154.785,147.4
2021-07-05,154.696,154.785,147.4
2021-07-06,154.696,154.785,147.4
2021-07-07,154.696,154.785,147.4
2021-07-08,154.696,154.785,147.4
2021-07-09,154.696,154.785,147.4
2021-07-12,154.696,154.785,147.4
2021-07-13,154.696,154.785,147.4
2021-07-14,154.696,154.785,147.4
2021-07-15,154.696,154.785,147.4
2021-07-16,154.696,154.785,147.4
2021-07-19,154.696,154.785,147.4
2021-07-20,154.696,154.785,147.4
2021-07-21,154.696,154.785,147.4
2021-07-22,154.696,154.785,147.4
2021-07-23,154.696,154.785,147.4
2021-07-26,154.696,154.785,147.4
2021-07-27,154.696,154.785,147.4
2021-07-28,154.696,154.785,147.4
2021-07-29,154.696,154.785,147.4
2021-07-30,154.696,154.785,147.4
2021-08-02,160.123,160.215,148.1
2021-08-03,160.123,160.215,148.1
2021-08-04,160.123,160.215,148.1
2021-08-05,160.123,160.215,148.1
2021-08-06,160.123,160.215,148.1
2021-08-09,160.123,160.215,148.1
2021-08-10,160.123,160.215,148.1
2021-08-11,160.123,160.215,148.1
2021-08-12,160.123,160.215,148.1
2021-08-13,160.123,160.215,148.1
2021-08-16,160.123,160.215,148.1
2021-08-17,160.123,160.215,148.1
2021-08-18,160.123,160.215,148.1
2021-08-19,160.123,160.215,148.1
2021-08-20,160.123,160.215,148.1
2021-08-23,160.123,160.215,148.1
2021-08-24,160.123,160.215,148.1
2021-08-25,160.123,160.215,148.1
2021-08-26,160.123,160.215,148.1
2021-08-27,160.123,160.215,148.1
2021-08-30,160.123,160.215,148.1
2021-08-31,160.123,160.215,148.1
2021-09-01,166.696,166.792,152.1
2021-09-02,166.696,166.792,152.1
2021-09-03,166.696,166.792,152.1
2021-09-06,166.696,166.792,152.1
2021-09-07,166.696,166.792,152.1
2021-09-08,166.696,166.792,152.1
2021-09-09,166.696,166.792,152.1
2021-09-10,166.696,166.792,152.1
2021-09-13,166.696,166.792,152.1
2021-09-14,166.696,166.792,152.1
2021-09-15,166.696,166.792,152.1
2021-09-16,166.696,166.792,152.1
2021-09-17,166.696,166.792,152.1
2021-09-20,166.696,166.792,152.1
2021-09-21,166.696,166.792,152.1
2021-09-22,166.696,166.792,152.1
2021-09-23,166.696,166.792,152.1
2021-09-24,166.696,166.792,152.1
2021-09-27,166.696,166.792,152.1
2021-09-28,166.696,166.792,152.1
2021-09-29,166.696,166.792,152.1
2021-09-30,166.696,166.792,152.1
2021-10-01,173.947,174.048,160.7
2021-10-04,173.947,174.048,160.7
2021-10-05,173.947,174.048,160.7
2021-10-06,173.947,174.048,160.7
2021-10-07,173.947,174.048,160.7
2021-10-08,173.947,174.048,160.7
2021-10-11,173.947,174.048,160.7
2021-10-12,173.947,174.048,160.7
2021-10-13,173.947,174.048,160.7
2021-10-14,173.947,174.048,160.7
2021-10-15,173.947,174.048,160.7
2021-10-18,173.947,174.048,160.7
2021-10-19,173.947,174.048,160.7
2021-10-20,173.947,174.048,160.7
2021-10-21,173.947,174.048,160.7
2021-10-22,173.947,174.048,160.7
2021-10-25,173.947,174.048,160.7
2021-10-26,173.947,174.048,160.7
2021-10-27,173.947,174.048,160.7
2021-10-28,173.947,174.048,160.7
2021-10-29,173.947,174.048,160.7
2021-11-01,174.186,174.286,171.7
2021-11-02,174.186,174.286,171.7
2021-11-03,174.186,174.286,171.7
2021-11-04,174.186,174.286,171.7
2021-11-05,174.186,174.286,171.7
2021-11-08,174.186,174.286,171.7
2021-11-09,174.186,174.286,171.7
2021-11-10,174.186,174.286,171.7
2021-11-11,174.186,174.286,171.7
2021-11-12,174.186,174.286,171.7
2021-11-15,174.186,174.286,171.7
2021-11-16,174.186,174.286,171.7
2021-11-17,174.186,174.286,171.7
2021-11-18,174.186,174.286,171.7
2021-11-19,174.186,174.286,171.7
2021-11-22,174.186,174.286,171.7
2021-11-23,174.186,174.286,171.7
2021-11-24,174.186,174.286,171.7
2021-11-25,174.186,174.286,171.7
2021-11-26,174.186,174.286,171.7
2021-11-29,174.186,174.286,171.7
2021-11-30,174.186,174.286,171.7
2021-12-01,164.597,164.692,155.9
2021-12-02,164.597,164.692,155.9
2021-12-03,164.597,164.692,155.9
2021-12-06,164.597,164.692,155.9
2021-12-07,164.597,164.692,155.9
2021-12-08,164.597,164.692,155.9
2021-12-09,164.597,164.692,155.9
2021-12-10,164.597,164.692,155.9
2021-12-13,164.597,164.692,155.9
2021-12-14,164.597,164.692,155.9
2021-12-15,164.597,164.692,155.9
2021-12-16,164.597,164.692,155.9
2021-12-17,164.597,164.692,155.9
2021-12-20,164.597,164.692,155.9
2021-12-21,164.597,164.692,155.9
2021-12-22,164.597,164.692,155.9
2021-12-23,164.597,164.692,155.9
2021-12-24,164.597,164.692,155.9
2021-12-27,164.597,164.692,155.9
2021-12-28,164.597,164.692,155.9
2021-12-29,164.597,164.692,155.9
2021-12-30,164.597,164.692,155.9
2021-12-31,164.597,164.692,155.9
2022-01-03,172.621,172.721,158.5
2022-01-04,172.621,172.721,158.5
2022-01-05,172.621,172.721,158.5
2022-01-06,172.621,172.721,158.5
2022-01-07,172.621,172.721,158.5
2022-01-10,172.621,172.721,158.5
2022-01-11,172.621,172.721,158.5
2022-01-12,172.621,172.721,158.5
2022-01-13,172.621,172.721,158.5
2022-01-14,172.621,172.721,158.5
2022-01-17,172.621,172.721,158.5
2022-01-18,172.621,172.721,158.5
2022-01-19,172.621,172.721,158.5
2022-01-20,172.621,172.721,158.5
2022-01-21,172.621,172.721,158.5
2022-01-24,172.621,172.721,158.5
2022-01-25,172.621,172.721,158.5
2022-01-26,172.621,172.721,158.5
2022-01-27,172.621,172.721,158.5
2022-01-28,172.621,172.721,158.5
2022-01-31,172.621,172.721,158.5
2022-02-01,185.713,185.82,167.7
2022-02-02,185.713,185.82,167.7
2022-02-03,185.713,185.82,167.7
2022-02-04,185.713,185.82,167.7
2022-02-07,185.713,185.82,167.7
2022-02-08,185.713,185.82,167.7
2022-02-09,185.713,185.82,167.7
2022-02-10,185.713,185.82,167.7
2022-02-11,185.713,185.82,167.7
2022-02-14,185.713,185.82,167.7
2022-02-15,185.713,185.82,167.7
2022-02-16,185.713,185.82,167.7
2022-02-17,185.713,185.82,167.7
2022-02-18,185.713,185.82,167.7
2022-02-21,185.713,185.82,167.7
2022-02-22,185.713,185.82,167.7
2022-02-23,185.713,185.82,167.7
2022-02-24,185.713,185.82,167.7
2022-02-25,185.713,185.82,167.7
2022-02-28,185.713,185.82,167.7
2022-03-01,189.398,189.508,176.5
2022-03-02,189.398,189.508,176.5
2022-03-03,189.398,189.508,176.5
2022-03-04,189.398,189.508,176.5
2022-03-07,189.398,189.508,176.5
2022-03-08,189.398,189.508,176.5
2022-03-09,189.398,189.508,176.5
2022-03-10,189.398,189.508,176.5
2022-03-11,189.398,189.508,176.5
2022-03-14,189.398,189.508,176.5
2022-03-15,189.398,189.508,176.5
2022-03-16,189.398,189.508,176.5
2022-03-17,189.398,189.508,176.5
2022-03-18,189.398,189.508,176.5
2022-03-21,189.398,189.508,176.5
2022-03-22,189.398,189.508,176.5
2022-03-23,189.398,189.508,176.5
2022-03-24,189.398,189.508,176.5
2022-03-25,189.398,189.508,176.5
2022-03-28,189.398,189.508,176.5
2022-03-29,189.398,189.508,176.5
2022-03-30,189.398,189.508,176.5
2022-03-31,189.398,189.508,176.5
2022-04-01,196.022,196.135,190.4
2022-04-04,196.022,196.135,190.4
2022-04-05,196.022,196.135,190.4
2022-04-06,196.022,196.135,190.4
2022-04-07,196.022,196.135,190.4
2022-04-08,196.022,196.135,190.4
2022-04-11,196.022,196.135,190.4
2022-04-12,196.022,196.135,190.4
2022-04-13,196.022,196.135,190.4
2022-04-14,196.022,196.135,190.4
2022-04-15,196.022,196.135,190.4
2022-04-18,196.022,196.135,190.4
2022-04-19,196.022,196.135,190.4
2022-04-20,196.022,196.135,190.4
2022-04-21,196.022,196.135,190.4
2022-04-22,196.022,196.135,190.4
2022-04-25,196.022,196.135,190.4
2022-04-26,196.022,196.135,190.4
2022-04-27,196.022,196.135,190.4
2022-04-28,196.022,196.135,190.4
2022-04-29,196.022,196.135,190.4
2022-05-02,187.413,187.521,178.4
2022-05-03,187.413,187.521,178.4
2022-05-04,187.413,187.521,178.4
2022-05-05,187.413,187.521,178.4
2022-05-06,187.413,187.521,178.4
2022-05-09,187.413,187.521,178.4
2022-05-10,187.413,187.521,178.4
2022-05-11,187.413,187.521,178.4
2022-05-12,187.413,187.521,178.4
2022-05-13,187.413,187.521,178.4
2022-05-16,187.413,187.521,178.4
2022-05-17,187.413,187.521,178.4
2022-05-18,187.413,187.521,178.4
2022-05-19,187.413,187.521,178.4
2022-05-20,187.413,187.521,178.4
2022-05-23,187.413,187.521,178.4
2022-05-24,187.413,187.521,178.4
2022-05-25,187.413,187.521,178.4
2022-05-26,187.413,187.521,178.4
2022-05-27,187.413,187.521,178.4
2022-05-30,187.413,187.521,178.4
2022-05-31,187.413,187.521,178.4
2022-06-01,176.777,176.879,163.6
2022-06-02,176.777,176.879,163.6
2022-06-03,176.777,176.879,163.6
2022-06-06,176.777,176.879,163.6
2022-06-07,176.777,176.879,163.6
2022-06-08,176.777,176.879,163.6
2022-06-09,176.777,176.879,163.6
2022-06-10,176.777,176.879,163.6
2022-06-13,176.777,176.879,163.6
2022-06-14,176.777,176.879,163.6
2022-06-15,176.777,176.879,163.6
2022-06-16,176.777,176.879,163.6
2022-06-17,176.777,176.879,163.6
2022-06-20,176.777,176.879,163.6
2022-06-21,176.777,176.879,163.6
2022-06-22,176.777,176.879,163.6
2022-06-23,176.777,176.879,163.6
2022-06-24,176.777,176.879,163.6
2022-06-27,176.777,176.879,163.6
2022-06-28,176.777,176.879,163.6
2022-06-29,176.777,176.879,163.6
2022-06-30,176.777,176.879,163.6
2022-07-01,167.95,168.047,155.8
2022-07-04,167.95,168.047,155.8
2022-07-05,167.95,168.047,155.8
2022-07-06,167.95,168.047,155.8
2022-07-07,167.95,168.047,155.8
2022-07-08,167.95,168.047,155.8
2022-07-11,167.95,168.047,155.8
2022-07-12,167.95,168.047,155.8
2022-07-13,167.95,168.047,155.8
2022-07-14,167.95,168.047,155.8
2022-07-15,167.95,168.047,155.8
2022-07-18,167.95,168.047,155.8
2022-07-19,167.95,168.047,155.8
2022-07-20,167.95,168.047,155.8
2022-07-21,167.95,168.047,155.8
2022-07-22,167.95,168.047,155.8
2022-07-25,167.95,168.047,155.8
2022-07-26,167.95,168.047,155.8
2022-07-27,167.95,168.047,155.8
2022-07-28,167.95,168.047,155.8
2022-07-29,167.95,168.047,155.8
2022-08-01,162.672,162.765,143.0
2022-08-02,162.672,162.765,143.0
2022-08-03,162.672,162.765,143.0
2022-08-04,162.672,162.765,143.0
2022-08-05,162.672,162.765,143.0
2022-08-08,162.672,162.765,143.0
2022-08-09,162.672,162.765,143.0
2022-08-10,162.672,162.765,143.0
2022-08-11,162.672,162.765,143.0
2022-08-12,162.672,162.765,143.0
2022-08-15,162.672,162.765,143.0
2022-08-16,162.672,162.765,143.0
2022-08-17,162.672,162.765,143.0
2022-08-18,162.672,162.765,143.0
2022-08-19,162.672,162.765,143.0
2022-08-22,162.672,162.765,143.0
2022-08-23,162.672,162.765,143.0
2022-08-24,162.672,162.765,143.0
2022-08-25,162.672,162.765,143.0
2022-08-26,162.672,162.765,143.0
2022-08-29,162.672,162.765,143.0
2022-08-30,162.672,162.765,143.0
2022-08-31,162.672,162.765,143.0
2022-09-01,159.92,160.012,141.2
2022-09-02,159.92,160.012,141.2
2022-09-05,159.92,160.012,141.2
2022-09-06,159.92,160.012,141.2
2022-09-07,159.92,160.012,141.2
2022-09-08,159.92,160.012,141.2
2022-09-09,159.92,160.012,141.2
2022-09-12,159.92,160.012,141.2
2022-09-13,159.92,160.012,141.2
2022-09-14,159.92,160.012,141.2
2022-09-15,159.92,160.012,141.2
2022-09-16,159.92,160.012,141.2
2022-09-19,159.92,160.012,141.2
2022-09-20,159.92,160.012,141.2
2022-09-21,159.92,160.012,141.2
2022-09-22,159.92,160.012,141.2
2022-09-23,159.92,160.012,141.2
2022-09-26,159.92,160.012,141.2
2022-09-27,159.92,160.012,141.2
2022-09-28,159.92,160.012,141.2
2022-09-29,159.92,160.012,141.2
2022-09-30,159.92,160.012,141.2
2022-10-03,154.535,154.624,139.3
2022-10-04,154.535,154.624,139.3
2022-10-05,154.535,154.624,139.3
2022-10-06,154.535,154.624,139.3
2022-10-07,154.535,154.624,139.3
2022-10-10,154.535,154.624,139.3
2022-10-11,154.535,154.624,139.3
2022-10-12,154.535,154.624,139.3
2022-10-13,154.535,154.624,139.3
2022-10-14,154.535,154.624,139.3
2022-10-17,154.535,154.624,139.3
2022-10-18,154.535,154.624,139.3
2022-10-19,154.535,154.624,139.3
2022-10-20,154.535,154.624,139.3
2022-10-21,154.535,154.624,139.3
2022-10-24,154.535,154.624,139.3
2022-10-25,154.535,154.624,139.3
2022-10-26,154.535,154.624,139.3
2022-10-27,154.535,154.624,139.3
2022-10-28,154.535,154.624,139.3
2022-10-31,154.535,154.624,139.3
2022-11-01,154.17,154.259,138.1
2022-11-02,154.17,154.259,138.1
2022-11-03,154.17,154.259,138.1
2022-11-04,154.17,154.259,138.1
2022-11-07,154.17,154.259,138.1
2022-11-08,154.17,154.259,138.1
2022-11-09,154.17,154.259,138.1
2022-11-10,154.17,154.259,138.1
2022-11-11,154.17,154.259,138.1
2022-11-14,154.17,154.259,138.1
2022-11-15,154.17,154.259,138.1
2022-11-16,154.17,154.259,138.1
2022-11-17,154.17,154.259,138.1
2022-11-18,154.17,154.259,138.1
2022-11-21,154.17,154.259,138.1
2022-11-22,154.17,154.259,138.1
2022-11-23,154.17,154.259,138.1
2022-11-24,154.17,154.259,138.1
2022-11-25,154.17,154.259,138.1
2022-11-28,154.17,154.259,138.1
2022-11-29,154.17,154.259,138.1
2022-11-30,154.17,154.259,138.1
2022-12-01,155.912,156.002,142.3
2022-12-02,155.912,156.002,142.3
2022-12-05,155.912,156.002,142.3
2022-12-06,155.912,156.002,142.3
2022-12-07,155.912,156.002,142.3
2022-12-08,155.912,156.002,142.3
2022-12-09,155.912,156.002,142.3
2022-12-12,155.912,156.002,142.3
2022-12-13,155.912,156.002,142.3
2022-12-14,155.912,156.002,142.3
2022-12-15,155.912,156.002,142.3
2022-12-16,155.912,156.002,142.3
2022-12-19,155.912,156.002,142.3
2022-12-20,155.912,156.002,142.3
2022-12-21,155.912,156.002,142.3
2022-12-22,155.912,156.002,142.3
2022-12-23,155.912,156.002,142.3
2022-12-26,155.912,156.002,142.3
2022-12-27,155.912,156.002,142.3
2022-12-28,155.912,156.002,142.3
2022-12-29,155.912,156.002,142.3
2022-12-30,155.912,156.002,142.3
2023-01-02,159.313,159.405,145.2
2023-01-03,159.313,159.405,145.2
2023-01-04,159.313,159.405,145.2
2023-01-05,159.313,159.405,145.2
2023-01-06,159.313,159.405,145.2
2023-01-09,159.313,159.405,145.2
2023-01-10,159.313,159.405,145.2
2023-01-11,159.313,159.405,145.2
2023-01-12,159.313,159.405,145.2
2023-01-13,159.313,159.405,145.2
2023-01-16,159.313,159.405,145.2
2023-01-17,159.313,159.405,145.2
2023-01-18,159.313,159.405,145.2
2023-01-19,159.313,159.405,145.2
2023-01-20,159.313,159.405,145.2
2023-01-23,159.313,159.405,145.2
2023-01-24,159.313,159.405,145.2
2023-01-25,159.313,159.405,145.2
2023-01-26,159.313,159.405,145.2
2023-01-27,159.313,159.405,145.2
2023-01-30,159.313,159.405,145.2
2023-01-31,159.313,159.405,145.2
2023-02-01,162.056,162.15,149.0
2023-02-02,162.056,162.15,149.0
2023-02-03,162.056,162.15,149.0
2023-02-06,162.056,162.15,149.0
2023-02-07,162.056,162.15,149.0
2023-02-08,162.056,162.15,149.0
2023-02-09,162.056,162.15,149.0
2023-02-10,162.056,162.15,149.0
2023-02-13,162.056,162.15,149.0
2023-02-14,162.056,162.15,149.0
2023-02-15,162.056,162.15,149.0
2023-02-16,162.056,162.15,149.0
2023-02-17,162.056,162.15,149.0
2023-02-20,162.056,162.15,149.0
2023-02-21,162.056,162.15,149.0
2023-02-22,162.056,162.15,149.0
2023-02-23,162.056,162.15,149.0
2023-02-24,162.056,162.15,149.0
2023-02-27,162.056,162.15,149.0
2023-02-28,162.056,162.15,149.0
2023-03-01,161.688,161.781,148.3
2023-03-02,161.688,161.781,148.3
2023-03-03,161.688,161.781,148.3
2023-03-06,161.688,161.781,148.3
2023-03-07,161.688,161.781,148.3
2023-03-08,161.688,161.781,148.3
2023-03-09,161.688,161.781,148.3
2023-03-10,161.688,161.781,148.3
2023-03-13,161.688,161.781,148.3
2023-03-14,161.688,161.781,148.3
2023-03-15,161.688,161.781,148.3
2023-03-16,161.688,161.781,148.3
2023-03-17,161.688,161.781,148.3
2023-03-20,161.688,161.781,148.3
2023-03-21,161.688,161.781,148.3
2023-03-22,161.688,161.781,148.3
2023-03-23,161.688,161.781,148.3
2023-03-24,161.688,161.781,148.3
2023-03-27,161.688,161.781,148.3
2023-03-28,161.688,161.781,148.3
2023-03-29,161.688,161.781,148.3
2023-03-30,161.688,161.781,148.3
2023-03-31,161.688,161.781,148.3
2023-04-03,158.696,158.788,145.7
2023-04-04,158.696,158.788,145.7
2023-04-05,158.696,158.788,145.7
2023-04-06,158.696,158.788,145.7
2023-04-07,158.696,158.788,145.7
2023-04-10,158.696,158.788,145.7
2023-04-11,158.696,158.788,145.7
2023-04-12,158.696,158.788,145.7
2023-04-13,158.696,158.788,145.7
2023-04-14,158.696,158.788,145.7
2023-04-17,158.696,158.788,145.7
2023-04-18,158.696,158.788,145.7
2023-04-19,158.696,158.788,145.7
2023-04-20,158.696,158.788,145.7
2023-04-21,158.696,158.788,145.7
2023-04-24,158.696,158.788,145.7
2023-04-25,158.696,158.788,145.7
2023-04-26,158.696,158.788,145.7
2023-04-27,158.696,158.788,145.7
2023-04-28,158.696,158.788,145.7
2023-05-01,159.346,159.438,145.1
2023-05-02,159.346,159.438,145.1
2023-05-03,159.346,159.438,145.1
2023-05-04,159.346,159.438,145.1
2023-05-05,159.346,159.438,145.1
2023-05-08,159.346,159.438,145.1
2023-05-09,159.346,159.438,145.1
2023-05-10,159.346,159.438,145.1
2023-05-11,159.346,159.438,145.1
2023-05-12,159.346,159.438,145.1
2023-05-15,159.346,159.438,145.1
2023-05-16,159.346,159.438,145.1
2023-05-17,159.346,159.438,145.1
2023-05-18,159.346,159.438,145.1
2023-05-19,159.346,159.438,145.1
2023-05-22,159.346,159.438,145.1
2023-05-23,159.346,159.438,145.1
2023-05-24,159.346,159.438,145.1
2023-05-25,159.346,159.438,145.1
2023-05-26,159.346,159.438,145.1
2023-05-29,159.346,159.438,145.1
2023-05-30,159.346,159.438,145.1
2023-05-31,159.346,159.438,145.1
2023-06-01,157.293,157.384,143.0
2023-06-02,157.293,157.384,143.0
2023-06-05,157.293,157.384,143.0
2023-06-06,157.293,157.384,143.0
2023-06-07,157.293,157.384,143.0
2023-06-08,157.293,157.384,143.0
2023-06-09,157.293,157.384,143.0
2023-06-12,157.293,157.384,143.0
2023-06-13,157.293,157.384,143.0
2023-06-14,157.293,157.384,143.0
2023-06-15,157.293,157.384,143.0
2023-06-16,157.293,157.384,143.0
2023-06-19,157.293,157.384,143.0
2023-06-20,157.293,157.384,143.0
2023-06-21,157.293,157.384,143.0
2023-06-22,157.293,157.384,143.0
2023-06-23,157.293,157.384,143.0
2023-06-26,157.293,157.384,143.0
2023-06-27,157.293,157.384,143.0
2023-06-28,157.293,157.384,143.0
2023-06-29,157.293,157.384,143.0
2023-06-30,157.293,157.384,143.0
2023-07-03,154.862,154.951,137.8
2023-07-04,154.862,154.951,137.8
2023-07-05,154.862,154.951,137.8
2023-07-06,154.862,154.951,137.8
2023-07-07,154.862,154.951,137.8
2023-07-10,154.862,154.951,137.8
2023-07-11,154.862,154.951,137.8
2023-07-12,154.862,154.951,137.8
2023-07-13,154.862,154.951,137.8
2023-07-14,154.862,154.951,137.8
2023-07-17,154.862,154.951,137.8
2023-07-18,154.862,154.951,137.8
2023-07-19,154.862,154.951,137.8
2023-07-20,154.862,154.951,137.8
2023-07-21,154.862,154.951,137.8
2023-07-24,154.862,154.951,137.8
2023-07-25,154.862,154.951,137.8
2023-07-26,154.862,154.951,137.8
2023-07-27,154.862,154.951,137.8
2023-07-28,154.862,154.951,137.8
2023-07-31,154.862,154.951,137.8
2023-08-01,154.211,154.3,137.1
2023-08-02,154.211,154.3,137.1
2023-08-03,154.211,154.3,137.1
2023-08-04,154.211,154.3,137.1
2023-08-07,154.211,154.3,137.1
2023-08-08,154.211,154.3,137.1
2023-08-09,154.211,154.3,137.1
2023-08-10,154.211,154.3,137.1
2023-08-11,154.211,154.3,137.1
2023-08-14,154.211,154.3,137.1
2023-08-15,154.211,154.3,137.1
2023-08-16,154.211,154.3,137.1
2023-08-17,154.211,154.3,137.1
2023-08-18,154.211,154.3,137.1
2023-08-21,154.211,154.3,137.1
2023-08-22,154.211,154.3,137.1
2023-08-23,154.211,154.3,137.1
2023-08-24,154.211,154.3,137.1
2023-08-25,154.211,154.3,137.1
2023-08-28,154.211,154.3,137.1
2023-08-29,154.211,154.3,137.1
2023-08-30,154.211,154.3,137.1
2023-08-31,154.211,154.3,137.1
2023-09-01,152.797,152.886,134.2
2023-09-04,152.797,152.886,134.2
2023-09-05,152.797,152.886,134.2
2023-09-06,152.797,152.886,134.2
2023-09-07,152.797,152.886,134.2
2023-09-08,152.797,152.886,134.2
2023-09-11,152.797,152.886,134.2
2023-09-12,152.797,152.886,134.2
2023-09-13,152.797,152.886,134.2
2023-09-14,152.797,152.886,134.2
2023-09-15,152.797,152.886,134.2
2023-09-18,152.797,152.886,134.2
2023-09-19,152.797,152.886,134.2
2023-09-20,152.797,152.886,134.2
2023-09-21,152.797,152.886,134.2
2023-09-22,152.797,152.886,134.2
2023-09-25,152.797,152.886,134.2
2023-09-26,152.797,152.886,134.2
2023-09-27,152.797,152.886,134.2
2023-09-28,152.797,152.886,134.2
2023-09-29,152.797,152.886,134.2
2023-10-02,152.16,152.248,140.0
2023-10-03,152.16,152.248,140.0
2023-10-04,152.16,152.248,140.0
2023-10-05,152.16,152.248,140.0
2023-10-06,152.16,152.248,140.0
2023-10-09,152.16,152.248,140.0
2023-10-10,152.16,152.248,140.0
2023-10-11,152.16,152.248,140.0
2023-10-12,152.16,152.248,140.0
2023-10-13,152.16,152.248,140.0
2023-10-16,152.16,152.248,140.0
2023-10-17,152.16,152.248,140.0
2023-10-18,152.16,152.248,140.0
2023-10-19,152.16,152.248,140.0
2023-10-20,152.16,152.248,140.0
2023-10-23,152.16,152.248,140.0
2023-10-24,152.16,152.248,140.0
2023-10-25,152.16,152.248,140.0
2023-10-26,152.16,152.248,140.0
2023-10-27,152.16,152.248,140.0
2023-10-30,152.16,152.248,140.0
2023-10-31,152.16,152.248,140.0
2023-11-01,151.64,151.728,140.0
2023-11-02,151.64,151.728,140.0
2023-11-03,151.64,151.728,140.0
2023-11-06,151.64,151.728,140.0
2023-11-07,151.64,151.728,140.0
2023-11-08,151.64,151.728,140.0
2023-11-09,151.64,151.728,140.0
2023-11-10,151.64,151.728,140.0
2023-11-13,151.64,151.728,140.0
2023-11-14,151.64,151.728,140.0
2023-11-15,151.64,151.728,140.0
2023-11-16,151.64,151.728,140.0
2023-11-17,151.64,151.728,140.0
2023-11-20,151.64,151.728,140.0
2023-11-21,151.64,151.728,140.0
2023-11-22,151.64,151.728,140.0
2023-11-23,151.64,151.728,140.0
2023-11-24,151.64,151.728,140.0
2023-11-27,151.64,151.728,140.0
2023-11-28,151.64,151.728,140.0
2023-11-29,151.64,151.728,140.0
2023-11-30,151.64,151.728,140.0
2023-12-01,150.941,151.028,141.3
2023-12-04,150.941,151.028,141.3
2023-12-05,150.941,151.028,141.3
2023-12-06,150.941,151.028,141.3
2023-12-07,150.941,151.028,141.3
2023-12-08,150.941,151.028,141.3
2023-12-11,150.941,151.028,141.3
2023-12-12,150.941,151.028,141.3
2023-12-13,150.941,151.028,141.3
2023-12-14,150.941,151.028,141.3
2023-12-15,150.941,151.028,141.3
2023-12-18,150.941,151.028,141.3
2023-12-19,150.941,151.028,141.3
2023-12-20,150.941,151.028,141.3
2023-12-21,150.941,151.028,141.3
2023-12-22,150.941,151.028,141.3
2023-12-25,150.941,151.028,141.3
2023-12-26,150.941,151.028,141.3
2023-12-27,150.941,151.028,141.3
2023-12-28,150.941,151.028,141.3
2023-12-29,150.941,151.028,141.3
2024-01-01,150.147,150.234,142.3
2024-01-02,150.147,150.234,142.3
2024-01-03,150.147,150.234,142.3
2024-01-04,150.147,150.234,142.3
2024-01-05,150.147,150.234,142.3
2024-01-08,150.147,150.234,142.3
2024-01-09,150.147,150.234,142.3
2024-01-10,150.147,150.234,142.3
2024-01-11,150.147,150.234,142.3
2024-01-12,150.147,150.234,142.3
2024-01-15,150.147,150.234,142.3
2024-01-16,150.147,150.234,142.3
2024-01-17,150.147,150.234,142.3
2024-01-18,150.147,150.234,142.3
2024-01-19,150.147,150.234,142.3
2024-01-22,150.147,150.234,142.3
2024-01-23,150.147,150.234,142.3
2024-01-24,150.147,150.234,142.3
2024-01-25,150.147,150.234,142.3
2024-01-26,150.147,150.234,142.3
2024-01-29,150.147,150.234,142.3
2024-01-30,150.147,150.234,142.3
2024-01-31,150.147,150.234,142.3
2024-02-01,150.378,150.464,143.3
2024-02-02,150.378,150.464,143.3
2024-02-05,150.378,150.464,143.3
2024-02-06,150.378,150.464,143.3
2024-02-07,150.378,150.464,143.3
2024-02-08,150.378,150.464,143.3
2024-02-09,150.378,150.464,143.3
2024-02-12,150.378,150.464,143.3
2024-02-13,150.378,150.464,143.3
2024-02-14,150.378,150.464,143.3
2024-02-15,150.378,150.464,143.3
2024-02-16,150.378,150.464,143.3
2024-02-19,150.378,150.464,143.3
2024-02-20,150.378,150.464,143.3
2024-02-21,150.378,150.464,143.3
2024-02-22,150.378,150.464,143.3
2024-02-23,150.378,150.464,143.3
2024-02-26,150.378,150.464,143.3
2024-02-27,150.378,150.464,143.3
2024-02-28,150.378,150.464,143.3
2024-02-29,150.378,150.464,143.3
2024-03-01,149.849,149.935,144.8
2024-03-04,149.849,149.935,144.8
2024-03-05,149.849,149.935,144.8
2024-03-06,149.849,149.935,144.8
2024-03-07,149.849,149.935,144.8
2024-03-08,149.849,149.935,144.8
2024-03-11,149.849,149.935,144.8
2024-03-12,149.849,149.935,144.8
2024-03-13,149.849,149.935,144.8
2024-03-14,149.849,149.935,144.8
2024-03-15,149.849,149.935,144.8
2024-03-18,149.849,149.935,144.8
2024-03-19,149.849,149.935,144.8
2024-03-20,149.849,149.935,144.8
2024-03-21,149.849,149.935,144.8
2024-03-22,149.849,149.935,144.8
2024-03-25,149.849,149.935,144.8
2024-03-26,149.849,149.935,144.8
2024-03-27,149.849,149.935,144.8
2024-03-28,149.849,149.935,144.8
2024-03-29,149.849,149.935,144.8
2024-04-01,151.218,151.306,147.0
2024-04-02,151.218,151.306,147.0
2024-04-03,151.218,151.306,147.0
2024-04-04,151.218,151.306,147.0
2024-04-05,151.218,151.306,147.0
2024-04-08,151.218,151.306,147.0
2024-04-09,151.218,151.306,147.0
2024-04-10,151.218,151.306,147.0
2024-04-11,151.218,151.306,147.0
2024-04-12,151.218,151.306,147.0
2024-04-15,151.218,151.306,147.0
2024-04-16,151.218,151.306,147.0
2024-04-17,151.218,151.306,147.0
2024-04-18,151.218,151.306,147.0
2024-04-19,151.218,151.306,147.0
2024-04-22,151.218,151.306,147.0
2024-04-23,151.218,151.306,147.0
2024-04-24,151.218,151.306,147.0
2024-04-25,151.218,151.306,147.0
2024-04-26,151.218,151.306,147.0
2024-04-29,151.218,151.306,147.0
2024-04-30,151.218,151.306,147.0
2024-05-01,157.48,157.571,154.5
2024-05-02,157.48,157.571,154.5
2024-05-03,157.48,157.571,154.5
2024-05-06,157.48,157.571,154.5
2024-05-07,157.48,157.571,154.5
2024-05-08,157.48,157.571,154.5
2024-05-09,157.48,157.571,154.5
2024-05-10,157.48,157.571,154.5
2024-05-13,157.48,157.571,154.5
2024-05-14,157.48,157.571,154.5
2024-05-15,157.48,157.571,154.5
2024-05-16,157.48,157.571,154.5
2024-05-17,157.48,157.571,154.5
2024-05-20,157.48,157.571,154.5
2024-05-21,157.48,157.571,154.5
2024-05-22,157.48,157.571,154.5
2024-05-23,157.48,157.571,154.5
2024-05-24,157.48,157.571,154.5
2024-05-27,157.48,157.571,154.5
2024-05-28,157.48,157.571,154.5
2024-05-29,157.48,157.571,154.5
2024-05-30,157.48,157.571,154.5
2024-05-31,157.48,157.571,154.5
2024-06-03,161.008,161.101,159.4
2024-06-04,161.008,161.101,159.4
2024-06-05,161.008,161.101,159.4
2024-06-06,161.008,161.101,159.4
2024-06-07,161.008,161.101,159.4
2024-06-10,161.008,161.101,159.4
2024-06-11,161.008,161.101,159.4
2024-06-12,161.008,161.101,159.4
2024-06-13,161.008,161.101,159.4
2024-06-14,161.008,161.101,159.4
2024-06-17,161.008,161.101,159.4
2024-06-18,161.008,161.101,159.4
2024-06-19,161.008,161.101,159.4
2024-06-20,161.008,161.101,159.4
2024-06-21,161.008,161.101,159.4
2024-06-24,161.008,161.101,159.4
2024-06-25,161.008,161.101,159.4
2024-06-26,161.008,161.101,159.4
2024-06-27,161.008,161.101,159.4
2024-06-28,161.008,161.101,159.4
2024-07-01,161.606,161.699,158.2
2024-07-02,161.606,161.699,158.2
2024-07-03,161.606,161.699,158.2
2024-07-04,161.606,161.699,158.2
2024-07-05,161.606,161.699,158.2
2024-07-08,161.606,161.699,158.2
2024-07-09,161.606,161.699,158.2
2024-07-10,161.606,161.699,158.2
2024-07-11,161.606,161.699,158.2
2024-07-12,161.606,161.699,158.2
2024-07-15,161.606,161.699,158.2
2024-07-16,161.606,161.699,158.2
2024-07-17,161.606,161.699,158.2
2024-07-18,161.606,161.699,158.2
2024-07-19,161.606,161.699,158.2
2024-07-22,161.606,161.699,158.2
2024-07-23,161.606,161.699,158.2
2024-07-24,161.606,161.699,158.2
2024-07-25,161.606,161.699,158.2
2024-07-26,161.606,161.699,158.2
2024-07-29,161.606,161.699,158.2
2024-07-30,161.606,161.699,158.2
2024-07-31,161.606,161.699,158.2
2024-08-01,157.802,157.893,157.1
2024-08-02,157.802,157.893,157.1
2024-08-05,157.802,157.893,157.1
2024-08-06,157.802,157.893,157.1
2024-08-07,157.802,157.893,157.1
2024-08-08,157.802,157.893,157.1
2024-08-09,157.802,157.893,157.1
2024-08-12,157.802,157.893,157.1
2024-08-13,157.802,157.893,157.1
2024-08-14,157.802,157.893,157.1
2024-08-15,157.802,157.893,157.1
2024-08-16,157.802,157.893,157.1
2024-08-19,157.802,157.893,157.1
2024-08-20,157.802,157.893,157.1
2024-08-21,157.802,157.893,157.1
2024-08-22,157.802,157.893,157.1
2024-08-23,157.802,157.893,157.1
2024-08-26,157.802,157.893,157.1
2024-08-27,157.802,157.893,157.1
2024-08-28,157.802,157.893,157.1
2024-08-29,157.802,157.893,157.1
2024-08-30,157.802,157.893,157.1
2024-09-02,156.732,156.822,152.6
2024-09-03,156.732,156.822,152.6
2024-09-04,156.732,156.822,152.6
2024-09-05,156.732,156.822,152.6
2024-09-06,156.732,156.822,152.6
2024-09-09,156.732,156.822,152.6
2024-09-10,156.732,156.822,152.6
2024-09-11,156.732,156.822,152.6
2024-09-12,156.732,156.822,152.6
2024-09-13,156.732,156.822,152.6
2024-09-16,156.732,156.822,152.6
2024-09-17,156.732,156.822,152.6
2024-09-18,156.732,156.822,152.6
2024-09-19,156.732,156.822,152.6
2024-09-20,156.732,156.822,152.6
2024-09-23,156.732,156.822,152.6
2024-09-24,156.732,156.822,152.6
2024-09-25,156.732,156.822,152.6
2024-09-26,156.732,156.822,152.6
2024-09-27,156.732,156.822,152.6
2024-09-30,156.732,156.822,152.6
2024-10-01,159.543,159.635,157.2
2024-10-02,159.543,159.635,157.2
2024-10-03,159.543,159.635,157.2
2024-10-04,159.543,159.635,157.2
2024-10-07,159.543,159.635,157.2
2024-10-08,159.543,159.635,157.2
2024-10-09,159.543,159.635,157.2
2024-10-10,159.543,159.635,157.2
2024-10-11,159.543,159.635,157.2
2024-10-14,159.543,159.635,157.2
2024-10-15,159.543,159.635,157.2
2024-10-16,159.543,159.635,157.2
2024-10-17,159.543,159.635,157.2
2024-10-18,159.543,159.635,157.2
2024-10-21,159.543,159.635,157.2
2024-10-22,159.543,159.635,157.2
2024-10-23,159.543,159.635,157.2
2024-10-24,159.543,159.635,157.2
2024-10-25,159.543,159.635,157.2
2024-10-28,159.543,159.635,157.2
2024-10-29,159.543,159.635,157.2
2024-10-30,159.543,159.635,157.2
2024-10-31,159.543,159.635,157.2
2024-11-01,162.924,163.018,156.6
2024-11-04,162.924,163.018,156.6
2024-11-05,162.924,163.018,156.6
2024-11-06,162.924,163.018,156.6
2024-11-07,162.924,163.018,156.6
2024-11-08,162.924,163.018,156.6
2024-11-11,162.924,163.018,156.6
2024-11-12,162.924,163.018,156.6
2024-11-13,162.924,163.018,156.6
2024-11-14,162.924,163.018,156.6
2024-11-15,162.924,163.018,156.6
2024-11-18,162.924,163.018,156.6
2024-11-19,162.924,163.018,156.6
2024-11-20,162.924,163.018,156.6
2024-11-21,162.924,163.018,156.6
2024-11-22,162.924,163.018,156.6
2024-11-25,162.924,163.018,156.6
2024-11-26,162.924,163.018,156.6
2024-11-27,162.924,163.018,156.6
2024-11-28,162.924,163.018,156.6
2024-11-29,162.924,163.018,156.6
2024-12-02,164.06,164.155,157.4
2024-12-03,164.06,164.155,157.4
2024-12-04,164.06,164.155,157.4
2024-12-05,164.06,164.155,157.4
2024-12-06,164.06,164.155,157.4
2024-12-09,164.06,164.155,157.4
2024-12-10,164.06,164.155,157.4
2024-12-11,164.06,164.155,157.4
2024-12-12,164.06,164.155,157.4
2024-12-13,164.06,164.155,157.4
2024-12-16,164.06,164.155,157.4
2024-12-17,164.06,164.155,157.4
2024-12-18,164.06,164.155,157.4
2024-12-19,164.06,164.155,157.4
2024-12-20,164.06,164.155,157.4
2024-12-23,164.06,164.155,157.4
2024-12-24,164.06,164.155,157.4
2024-12-25,164.06,164.155,157.4
2024-12-26,164.06,164.155,157.4
2024-12-27,164.06,164.155,157.4
2024-12-30,164.06,164.155,157.4
2024-12-31,164.06,164.155,157.4
2025-01-01,164.136,164.231,157.3
2025-01-02,164.136,164.231,157.3
2025-01-03,164.136,164.231,157.3
2025-01-06,164.136,164.231,157.3
2025-01-07,164.136,164.231,157.3
2025-01-08,164.136,164.231,157.3
2025-01-09,164.136,164.231,157.3
2025-01-10,164.136,164.231,157.3
2025-01-13,164.136,164.231,157.3
2025-01-14,164.136,164.231,157.3
2025-01-15,164.136,164.231,157.3
2025-01-16,164.136,164.231,157.3
2025-01-17,164.136,164.231,157.3
2025-01-20,164.136,164.231,157.3
2025-01-21,164.136,164.231,157.3
2025-01-22,164.136,164.231,157.3
2025-01-23,164.136,164.231,157.3
2025-01-24,164.136,164.231,157.3
2025-01-27,164.136,164.231,157.3
2025-01-28,164.136,164.231,157.3
2025-01-29,164.136,164.231,157.3
2025-01-30,164.136,164.231,157.3
2025-01-31,164.136,164.231,157.3
2025-02-03,166.082,166.178,156.1
2025-02-04,166.082,166.178,156.1
2025-02-05,166.082,166.178,156.1
2025-02-06,166.082,166.178,156.1
2025-02-07,166.082,166.178,156.1
2025-02-10,166.082,166.178,156.1
2025-02-11,166.082,166.178,156.1
2025-02-12,166.082,166.178,156.1
2025-02-13,166.082,166.178,156.1
2025-02-14,166.082,166.178,156.1
2025-02-17,166.082,166.178,156.1
2025-02-18,166.082,166.178,156.1
2025-02-19,166.082,166.178,156.1
2025-02-20,166.082,166.178,156.1
2025-02-21,166.082,166.178,156.1
2025-02-24,166.082,166.178,156.1
2025-02-25,166.082,166.178,156.1
2025-02-26,166.082,166.178,156.1
2025-02-27,166.082,166.178,156.1
2025-02-28,166.082,166.178,156.1
2025-03-03,173.989,174.089,161.1
2025-03-04,173.989,174.089,161.1
2025-03-05,173.989,174.089,161.1
2025-03-06,173.989,174.089,161.1
2025-03-07,173.989,174.089,161.1
2025-03-10,173.989,174.089,161.1
2025-03-11,173.989,174.089,161.1
2025-03-12,173.989,174.089,161.1
2025-03-13,173.989,174.089,161.1
2025-03-14,173.989,174.089,161.1
2025-03-17,173.989,174.089,161.1
2025-03-18,173.989,174.089,161.1
2025-03-19,173.989,174.089,161.1
2025-03-20,173.989,174.089,161.1
2025-03-21,173.989,174.089,161.1
2025-03-24,173.989,174.089,161.1
2025-03-25,173.989,174.089,161.1
2025-03-26,173.989,174.089,161.1
2025-03-27,173.989,174.089,161.1
2025-03-28,173.989,174.089,161.1
2025-03-31,173.989,174.089,161.1
2025-04-01,175.653,175.755,164.7
2025-04-02,175.653,175.755,164.7
2025-04-03,175.653,175.755,164.7
2025-04-04,175.653,175.755,164.7
2025-04-07,175.653,175.755,164.7
2025-04-08,175.653,175.755,164.7
2025-04-09,175.653,175.755,164.7
2025-04-10,175.653,175.755,164.7
2025-04-11,175.653,175.755,164.7
2025-04-14,175.653,175.755,164.7
2025-04-15,175.653,175.755,164.7
2025-04-16,175.653,175.755,164.7
2025-04-17,175.653,175.755,164.7
2025-04-18,175.653,175.755,164.7
2025-04-21,175.653,175.755,164.7
2025-04-22,175.653,175.755,164.7
2025-04-23,175.653,175.755,164.7
2025-04-24,175.653,175.755,164.7
2025-04-25,175.653,175.755,164.7
2025-04-28,175.653,175.755,164.7
2025-04-29,175.653,175.755,164.7
2025-04-30,175.653,175.755,164.7
2025-05-01,170.193,170.291,162.1
2025-05-02,170.193,170.291,162.1
2025-05-05,170.193,170.291,162.1
2025-05-06,170.193,170.291,162.1
2025-05-07,170.193,170.291,162.1
2025-05-08,170.193,170.291,162.1
2025-05-09,170.193,170.291,162.1
2025-05-12,170.193,170.291,162.1
2025-05-13,170.193,170.291,162.1
2025-05-14,170.193,170.291,162.1
2025-05-15,170.193,170.291,162.1
2025-05-16,170.193,170.291,162.1
2025-05-19,170.193,170.291,162.1
2025-05-20,170.193,170.291,162.1
2025-05-21,170.193,170.291,162.1
2025-05-22,170.193,170.291,162.1
2025-05-23,170.193,170.291,162.1
2025-05-26,170.193,170.291,162.1
2025-05-27,170.193,170.291,162.1
2025-05-28,170.193,170.291,162.1
2025-05-29,170.193,170.291,162.1
2025-05-30,170.193,170.291,162.1
2025-06-02,170.006,170.104,160.0
2025-06-03,170.006,170.104,160.0
2025-06-04,170.006,170.104,160.0
2025-06-05,170.006,170.104,160.0
2025-06-06,170.006,170.104,160.0
2025-06-09,170.006,170.104,160.0
2025-06-10,170.006,170.104,160.0
2025-06-11,170.006,170.104,160.0
2025-06-12,170.006,170.104,160.0
2025-06-13,170.006,170.104,160.0
2025-06-16,170.006,170.104,160.0
2025-06-17,170.006,170.104,160.0
2025-06-18,170.006,170.104,160.0
2025-06-19,170.006,170.104,160.0
2025-06-20,170.006,170.104,160.0
2025-06-23,170.006,170.104,160.0
2025-06-24,170.006,170.104,160.0
2025-06-25,170.006,170.104,160.0
2025-06-26,170.006,170.104,160.0
2025-06-27,170.006,170.104,160.0
2025-06-30,170.006,170.104,160.0
2025-07-01,182.016,182.121,163.2
2025-07-02,182.016,182.121,163.2
2025-07-03,182.016,182.121,163.2
2025-07-04,182.016,182.121,163.2
2025-07-07,182.016,182.121,163.2
2025-07-08,182.016,182.121,163.2
2025-07-09,182.016,182.121,163.2
2025-07-10,182.016,182.121,163.2
2025-07-11,182.016,182.121,163.2
2025-07-14,182.016,182.121,163.2
2025-07-15,182.016,182.121,163.2
2025-07-16,182.016,182.121,163.2
2025-07-17,182.016,182.121,163.2
2025-07-18,182.016,182.121,163.2
2025-07-21,182.016,182.121,163.2
2025-07-22,182.016,182.121,163.2
2025-07-23,182.016,182.121,163.2
2025-07-24,182.016,182.121,163.2
2025-07-25,182.016,182.121,163.2
2025-07-28,182.016,182.121,163.2
2025-07-29,182.016,182.121,163.2
2025-07-30,182.016,182.121,163.2
2025-07-31,182.016,182.121,163.2
2025-08-01,191.126,191.237,171.0
2025-08-04,191.126,191.237,171.0
2025-08-05,191.126,191.237,171.0
2025-08-06,191.126,191.237,171.0
2025-08-07,191.126,191.237,171.0
2025-08-08,191.126,191.237,171.0
2025-08-11,191.126,191.237,171.0
2025-08-12,191.126,191.237,171.0
2025-08-13,191.126,191.237,171.0
2025-08-14,191.126,191.237,171.0
2025-08-15,191.126,191.237,171.0
2025-08-18,191.126,191.237,171.0
2025-08-19,191.126,191.237,171.0
2025-08-20,191.126,191.237,171.0
2025-08-21,191.126,191.237,171.0
2025-08-22,191.126,191.237,171.0
2025-08-25,191.126,191.237,171.0
2025-08-26,191.126,191.237,171.0
2025-08-27,191.126,191.237,171.0
2025-08-28,191.126,191.237,171.0
2025-08-29,191.126,191.237,171.0
2025-09-01,193.914,194.026,171.9
2025-09-02,193.914,194.026,171.9
2025-09-03,193.914,194.026,171.9
2025-09-04,193.914,194.026,171.9
2025-09-05,193.914,194.026,171.9
2025-09-08,193.914,194.026,171.9
2025-09-09,193.914,194.026,171.9
2025-09-10,193.914,194.026,171.9
2025-09-11,193.914,194.026,171.9
2025-09-12,193.914,194.026,171.9
2025-09-15,193.914,194.026,171.9
2025-09-16,193.914,194.026,171.9
2025-09-17,193.914,194.026,171.9
2025-09-18,193.914,194.026,171.9
2025-09-19,193.914,194.026,171.9
2025-09-22,193.914,194.026,171.9
2025-09-23,193.914,194.026,171.9
2025-09-24,193.914,194.026,171.9
2025-09-25,193.914,194.026,171.9
2025-09-26,193.914,194.026,171.9
2025-09-29,193.914,194.026,171.9
2025-09-30,193.914,194.026,171.9
2025-10-01,197.604,197.718,172.1
2025-10-02,197.604,197.718,172.1
2025-10-03,197.604,197.718,172.1
2025-10-06,197.604,197.718,172.1
2025-10-07,197.604,197.718,172.1
2025-10-08,197.604,197.718,172.1
2025-10-09,197.604,197.718,172.1
2025-10-10,197.604,197.718,172.1
2025-10-13,197.604,197.718,172.1
2025-10-14,197.604,197.718,172.1
2025-10-15,197.604,197.718,172.1
2025-10-16,197.604,197.718,172.1
2025-10-17,197.604,197.718,172.1
2025-10-20,197.604,197.718,172.1
2025-10-21,197.604,197.718,172.1
2025-10-22,197.604,197.718,172.1
2025-10-23,197.604,197.718,172.1
2025-10-24,197.604,197.718,172.1
2025-10-27,197.604,197.718,172.1
2025-10-28,197.604,197.718,172.1
2025-10-29,197.604,197.718,172.1
2025-10-30,197.604,197.718,172.1
2025-10-31,197.604,197.718,172.1
2025-11-03,204.327,204.445,179.5
2025-11-04,204.327,204.445,179.5
2025-11-05,204.327,204.445,179.5
2025-11-06,204.327,204.445,179.5
2025-11-07,204.327,204.445,179.5
2025-11-10,204.327,204.445,179.5
2025-11-11,204.327,204.445,179.5
2025-11-12,204.327,204.445,179.5
2025-11-13,204.327,204.445,179.5
2025-11-14,204.327,204.445,179.5
2025-11-17,204.327,204.445,179.5
2025-11-18,204.327,204.445,179.5
2025-11-19,204.327,204.445,179.5
2025-11-20,204.327,204.445,179.5
2025-11-21,204.327,204.445,179.5
2025-11-24,204.327,204.445,179.5
2025-11-25,204.327,204.445,179.5
2025-11-26,204.327,204.445,179.5
2025-11-27,204.327,204.445,179.5
2025-11-28,204.327,204.445,179.5
2025-12-01,209.401,209.522,183.6
2025-12-02,209.401,209.522,183.6
2025-12-03,209.401,209.522,183.6
2025-12-04,209.401,209.522,183.6
2025-12-05,209.401,209.522,183.6
2025-12-08,209.401,209.522,183.6
2025-12-09,209.401,209.522,183.6
2025-12-10,209.401,209.522,183.6
2025-12-11,209.401,209.522,183.6
2025-12-12,209.401,209.522,183.6
2025-12-15,209.401,209.522,183.6
2025-12-16,209.401,209.522,183.6
2025-12-17,209.401,209.522,183.6
2025-12-18,209.401,209.522,183.6
2025-12-19,209.401,209.522,183.6
2025-12-22,209.401,209.522,183.6
2025-12-23,209.401,209.522,183.6
2025-12-24,209.401,209.522,183.6
2025-12-25,209.401,209.522,183.6
2025-12-26,209.401,209.522,183.6
2025-12-29,209.401,209.522,183.6
2025-12-30,209.401,209.522,183.6
2025-12-31,209.401,209.522,183.6
2026-01-01,215.068,215.192,180.6
2026-01-02,215.068,215.192,180.6
2026-01-05,215.068,215.192,180.6
2026-01-06,215.068,215.192,180.6
2026-01-07,215.068,215.192,180.6
2026-01-08,215.068,215.192,180.6
2026-01-09,215.068,215.192,180.6
2026-01-12,215.068,215.192,180.6
2026-01-13,215.068,215.192,180.6
2026-01-14,215.068,215.192,180.6
2026-01-15,215.068,215.192,180.6
2026-01-16,215.068,215.192,180.6
2026-01-19,215.068,215.192,180.6
2026-01-20,215.068,215.192,180.6
2026-01-21,215.068,215.192,180.6
2026-01-22,215.068,215.192,180.6
2026-01-23,215.068,215.192,180.6
2026-01-26,215.068,215.192,180.6
2026-01-27,215.068,215.192,180.6
2026-01-28,215.068,215.192,180.6
2026-01-29,215.068,215.192,180.6
2026-01-30,215.068,215.192,180.6
2026-02-02,215.068,215.192,180.6
2026-02-03,215.068,215.192,180.6
2026-02-04,215.068,215.192,180.6
2026-02-05,215.068,215.192,180.6
2026-02-06,215.068,215.192,180.6
2026-02-09,215.068,215.192,180.6
2026-02-10,215.068,215.192,180.6
2026-02-11,215.068,215.192,180.6
2026-02-12,215.068,215.192,180.6
2026-02-13,215.068,215.192,180.6
2026-02-16,215.068,215.192,180.6
2026-02-17,215.068,215.192,180.6
2026-02-18,215.068,215.192,180.6
2026-02-19,215.068,215.192,180.6
2026-02-20,215.068,215.192,180.6
2026-02-23,215.068,215.192,180.6
2026-02-24,215.068,215.192,180.6
2026-02-25,215.068,215.192,180.6
2026-02-26,215.068,215.192,180.6
2026-02-27,215.068,215.192,180.6
2026-03-02,215.068,215.192,180.6
2026-03-03,215.068,215.192,180.6
2026-03-04,215.068,215.192,180.6
2026-03-05,215.068,215.192,180.6
2026-03-06,215.068,215.192,180.6
