date,lme_inventory
2018-01-02,1101375.0
2018-01-03,1101800.0
2018-01-04,1101325.0
2018-01-05,1099475.0
2018-01-08,1095875.0
2018-01-09,1092850.0
2018-01-10,1090525.0
2018-01-11,1088325.0
2018-01-12,1086875.0
2018-01-15,1084450.0
2018-01-16,1083800.0
2018-01-17,1088725.0
2018-01-18,1090875.0
2018-01-19,1091850.0
2018-01-22,1088425.0
2018-01-23,1086200.0
2018-01-24,1087850.0
2018-01-25,1086575.0
2018-01-26,1081425.0
2018-01-29,1085475.0
2018-01-30,1084875.0
2018-01-31,1081475.0
2018-02-01,1080550.0
2018-02-02,1077650.0
2018-02-05,1075050.0
2018-02-06,1066225.0
2018-02-07,1059875.0
2018-02-08,1058175.0
2018-02-09,1097100.0
2018-02-12,1116575.0
2018-02-13,1275500.0
2018-02-14,1272550.0
2018-02-15,1303825.0
2018-02-16,1296450.0
2018-02-19,1295425.0
2018-02-20,1308525.0
2018-02-21,1314500.0
2018-02-22,1314225.0
2018-02-23,1330875.0
2018-02-26,1326825.0
2018-02-27,1318375.0
2018-02-28,1324475.0
2018-03-01,1322150.0
2018-03-02,1323050.0
2018-03-05,1322575.0
2018-03-06,1320700.0
2018-03-07,1319300.0
2018-03-08,1315500.0
2018-03-09,1311725.0
2018-03-12,1306400.0
2018-03-13,1301700.0
2018-03-14,1295625.0
2018-03-15,1311900.0
2018-03-16,1306150.0
2018-03-19,1293900.0
2018-03-20,1288675.0
2018-03-21,1283025.0
2018-03-22,1279025.0
2018-03-23,1276375.0
2018-03-26,1273150.0
2018-03-27,1268175.0
2018-03-28,1261625.0
2018-03-29,1286300.0
2018-04-03,1281475.0
2018-04-04,1270350.0
2018-04-05,1265350.0
2018-04-06,1260900.0
2018-04-09,1254125.0
2018-04-10,1249575.0
2018-04-11,1250775.0
2018-04-12,1345225.0
2018-04-13,1345175.0
2018-04-16,1360275.0
2018-04-17,1412400.0
2018-04-18,1412500.0
2018-04-19,1404350.0
2018-04-20,1395550.0
2018-04-23,1385025.0
2018-04-24,1378350.0
2018-04-25,1372500.0
2018-04-26,1362750.0
2018-04-27,1349950.0
2018-04-30,1341375.0
2018-05-01,1325725.0
2018-05-02,1323425.0
2018-05-03,1319300.0
2018-05-04,1310650.0
2018-05-08,1297550.0
2018-05-09,1276450.0
2018-05-10,1265175.0
2018-05-11,1264250.0
2018-05-14,1259300.0
2018-05-15,1247100.0
2018-05-16,1243175.0
2018-05-17,1249450.0
2018-05-18,1243850.0
2018-05-21,1234575.0
2018-05-22,1232775.0
2018-05-23,1231000.0
2018-05-24,1227900.0
2018-05-25,1222850.0
2018-05-29,1219250.0
2018-05-30,1210300.0
2018-05-31,1205875.0
2018-06-01,1206375.0
2018-06-04,1199150.0
2018-06-05,1192100.0
2018-06-06,1186350.0
2018-06-07,1180175.0
2018-06-08,1175225.0
2018-06-11,1168975.0
2018-06-12,1162650.0
2018-06-13,1153875.0
2018-06-14,1148000.0
2018-06-15,1142600.0
2018-06-18,1139575.0
2018-06-19,1136925.0
2018-06-20,1132475.0
2018-06-21,1131100.0
2018-06-22,1128325.0
2018-06-25,1123700.0
2018-06-26,1122425.0
2018-06-27,1117475.0
2018-06-28,1112025.0
2018-06-29,1114125.0
2018-07-02,1107400.0
2018-07-03,1108900.0
2018-07-04,1104600.0
2018-07-05,1106600.0
2018-07-06,1105975.0
2018-07-09,1115250.0
2018-07-10,1116550.0
2018-07-11,1120525.0
2018-07-12,1134600.0
2018-07-13,1144700.0
2018-07-16,1155700.0
2018-07-17,1175075.0
2018-07-18,1198875.0
2018-07-19,1203975.0
2018-07-20,1208400.0
2018-07-23,1209275.0
2018-07-24,1212125.0
2018-07-25,1209225.0
2018-07-26,1207600.0
2018-07-27,1200025.0
2018-07-30,1198250.0
2018-07-31,1196300.0
2018-08-01,1195150.0
2018-08-02,1192075.0
2018-08-03,1185275.0
2018-08-06,1177550.0
2018-08-07,1170300.0
2018-08-08,1162750.0
2018-08-09,1154050.0
2018-08-10,1149825.0
2018-08-13,1140900.0
2018-08-14,1135925.0
2018-08-15,1131275.0
2018-08-16,1124150.0
2018-08-17,1120250.0
2018-08-20,1115725.0
2018-08-21,1108525.0
2018-08-22,1102450.0
2018-08-23,1099975.0
2018-08-24,1095125.0
2018-08-28,1089275.0
2018-08-29,1075750.0
2018-08-30,1073050.0
2018-08-31,1070750.0
2018-09-03,1068675.0
2018-09-04,1067075.0
2018-09-05,1064450.0
2018-09-06,1062700.0
2018-09-07,1061575.0
2018-09-10,1059825.0
2018-09-11,1054525.0
2018-09-12,1052975.0
2018-09-13,1051200.0
2018-09-14,1046700.0
2018-09-17,1041025.0
2018-09-18,1035275.0
2018-09-19,1034625.0
2018-09-20,1030200.0
2018-09-21,1022450.0
2018-09-24,1013050.0
2018-09-25,1006775.0
2018-09-26,999925.0
2018-09-27,994625.0
2018-09-28,990550.0
2018-10-01,987800.0
2018-10-02,983250.0
2018-10-03,979800.0
2018-10-04,974075.0
2018-10-05,966900.0
2018-10-08,963350.0
2018-10-09,955950.0
2018-10-10,948425.0
2018-10-11,941500.0
2018-10-12,933500.0
2018-10-15,926100.0
2018-10-16,996875.0
2018-10-17,1082600.0
2018-10-18,1072950.0
2018-10-19,1066725.0
2018-10-22,1062350.0
2018-10-23,1056700.0
2018-10-24,1052025.0
2018-10-25,1049525.0
2018-10-26,1049175.0
2018-10-29,1048625.0
2018-10-30,1048825.0
2018-10-31,1047950.0
2018-11-01,1047325.0
2018-11-02,1051425.0
2018-11-05,1050475.0
2018-11-06,1049700.0
2018-11-07,1053675.0
2018-11-08,1055025.0
2018-11-09,1055550.0
2018-11-12,1056450.0
2018-11-13,1056150.0
2018-11-14,1057450.0
2018-11-15,1058125.0
2018-11-16,1066350.0
2018-11-19,1070925.0
2018-11-20,1073050.0
2018-11-21,1072525.0
2018-11-22,1070400.0
2018-11-23,1067000.0
2018-11-26,1064975.0
2018-11-27,1061700.0
2018-11-28,1057875.0
2018-11-29,1055275.0
2018-11-30,1052450.0
2018-12-03,1048025.0
2018-12-04,1046275.0
2018-12-05,1045250.0
2018-12-06,1043775.0
2018-12-07,1042900.0
2018-12-10,1040975.0
2018-12-11,1072450.0
2018-12-12,1071425.0
2018-12-13,1094925.0
2018-12-14,1150100.0
2018-12-17,1169625.0
2018-12-18,1227325.0
2018-12-19,1255925.0
2018-12-20,1254125.0
2018-12-21,1265250.0
2018-12-24,1266575.0
2018-12-27,1266550.0
2018-12-28,1267125.0
2018-12-31,1271200.0
2019-01-02,1273125.0
2019-01-03,1272925.0
2019-01-04,1278500.0
2019-01-07,1276050.0
2019-01-08,1283500.0
2019-01-09,1281400.0
2019-01-10,1286050.0
2019-01-11,1284725.0
2019-01-14,1294050.0
2019-01-15,1295750.0
2019-01-16,1303150.0
2019-01-17,1304000.0
2019-01-18,1303475.0
2019-01-21,1301650.0
2019-01-22,1301625.0
2019-01-23,1301825.0
2019-01-24,1301350.0
2019-01-25,1301100.0
2019-01-28,1300000.0
2019-01-29,1296125.0
2019-01-30,1289775.0
2019-01-31,1287425.0
2019-02-01,1284125.0
2019-02-04,1297150.0
2019-02-05,1298150.0
2019-02-06,1292175.0
2019-02-07,1291800.0
2019-02-08,1296800.0
2019-02-11,1292175.0
2019-02-12,1286025.0
2019-02-13,1280875.0
2019-02-14,1273500.0
2019-02-15,1266600.0
2019-02-18,1260325.0
2019-02-19,1255725.0
2019-02-20,1250000.0
2019-02-21,1244050.0
2019-02-22,1239800.0
2019-02-25,1235100.0
2019-02-26,1228475.0
2019-02-27,1224075.0
2019-02-28,1219700.0
2019-03-01,1232950.0
2019-03-04,1230225.0
2019-03-05,1233150.0
2019-03-06,1234900.0
2019-03-07,1229000.0
2019-03-08,1221375.0
2019-03-11,1213125.0
2019-03-12,1205725.0
2019-03-13,1198375.0
2019-03-14,1189025.0
2019-03-15,1182850.0
2019-03-18,1175650.0
2019-03-19,1178375.0
2019-03-20,1172100.0
2019-03-21,1166100.0
2019-03-22,1160275.0
2019-03-25,1155450.0
2019-03-26,1149725.0
2019-03-27,1142725.0
2019-03-28,1134950.0
2019-03-29,1129175.0
2019-04-01,1122825.0
2019-04-02,1115000.0
2019-04-03,1108825.0
2019-04-04,1110275.0
2019-04-05,1104525.0
2019-04-08,1098925.0
2019-04-09,1094600.0
2019-04-10,1090625.0
2019-04-11,1086075.0
2019-04-12,1081975.0
2019-04-15,1074450.0
2019-04-16,1068325.0
2019-04-17,1060800.0
2019-04-18,1053925.0
2019-04-23,1047100.0
2019-04-24,1032925.0
2019-04-25,1027800.0
2019-04-26,1020875.0
2019-04-29,1069075.0
2019-04-30,1074650.0
2019-05-01,1135300.0
2019-05-02,1227650.0
2019-05-03,1250250.0
2019-05-07,1263400.0
2019-05-08,1275200.0
2019-05-09,1274450.0
2019-05-10,1266575.0
2019-05-13,1261450.0
2019-05-14,1255450.0
2019-05-15,1250250.0
2019-05-16,1244850.0
2019-05-17,1239975.0
2019-05-20,1231200.0
2019-05-21,1225400.0
2019-05-22,1222625.0
2019-05-23,1214025.0
2019-05-24,1208900.0
2019-05-28,1200800.0
2019-05-29,1177250.0
2019-05-30,1164975.0
2019-05-31,1155025.0
2019-06-03,1141100.0
2019-06-04,1131900.0
2019-06-05,1119350.0
2019-06-06,1114125.0
2019-06-07,1111475.0
2019-06-10,1105750.0
2019-06-11,1096300.0
2019-06-12,1085475.0
2019-06-13,1075750.0
2019-06-14,1064625.0
2019-06-17,1055075.0
2019-06-18,1046850.0
2019-06-19,1038700.0
2019-06-20,1031625.0
2019-06-21,1023450.0
2019-06-24,1016025.0
2019-06-25,1007300.0
2019-06-26,998600.0
2019-06-27,1003750.0
2019-06-28,996725.0
2019-07-01,989125.0
2019-07-02,984450.0
2019-07-03,977750.0
2019-07-04,971500.0
2019-07-05,964400.0
2019-07-08,956575.0
2019-07-09,948650.0
2019-07-10,941750.0
2019-07-11,934500.0
2019-07-12,926875.0
2019-07-15,945375.0
2019-07-16,994125.0
2019-07-17,987275.0
2019-07-18,980200.0
2019-07-19,974000.0
2019-07-22,966600.0
2019-07-23,960175.0
2019-07-24,953500.0
2019-07-25,987975.0
2019-07-26,1021325.0
2019-07-29,1016800.0
2019-07-30,1023875.0
2019-07-31,1028875.0
2019-08-01,1027950.0
2019-08-02,1024200.0
2019-08-05,1020000.0
2019-08-06,1017700.0
2019-08-07,1009925.0
2019-08-08,1004225.0
2019-08-09,998250.0
2019-08-12,991525.0
2019-08-13,984300.0
2019-08-14,984250.0
2019-08-15,976700.0
2019-08-16,969250.0
2019-08-19,962350.0
2019-08-20,955025.0
2019-08-21,947925.0
2019-08-22,941350.0
2019-08-23,935200.0
2019-08-27,929125.0
2019-08-28,936225.0
2019-08-29,928275.0
2019-08-30,927000.0
2019-09-02,919050.0
2019-09-03,913925.0
2019-09-04,922375.0
2019-09-05,918925.0
2019-09-06,923225.0
2019-09-09,920000.0
2019-09-10,916825.0
2019-09-11,916000.0
2019-09-12,913625.0
2019-09-13,910950.0
2019-09-16,908425.0
2019-09-17,905725.0
2019-09-18,904175.0
2019-09-19,900725.0
2019-09-20,897900.0
2019-09-23,895625.0
2019-09-24,899925.0
2019-09-25,907400.0
2019-09-26,910575.0
2019-09-27,914725.0
2019-09-30,927475.0
2019-10-01,936025.0
2019-10-02,962350.0
2019-10-03,964275.0
2019-10-04,966525.0
2019-10-07,964225.0
2019-10-08,965575.0
2019-10-09,966125.0
2019-10-10,968450.0
2019-10-11,974200.0
2019-10-14,983600.0
2019-10-15,985900.0
2019-10-16,983525.0
2019-10-17,979575.0
2019-10-18,977125.0
2019-10-21,974625.0
2019-10-22,972475.0
2019-10-23,970425.0
2019-10-24,968525.0
2019-10-25,966200.0
2019-10-28,963825.0
2019-10-29,961650.0
2019-10-30,961375.0
2019-10-31,959050.0
2019-11-01,956200.0
2019-11-04,953900.0
2019-11-05,951275.0
2019-11-06,948600.0
2019-11-07,945475.0
2019-11-08,943175.0
2019-11-11,940500.0
2019-11-12,942125.0
2019-11-13,945900.0
2019-11-14,1020975.0
2019-11-15,1065175.0
2019-11-18,1156250.0
2019-11-19,1158975.0
2019-11-20,1169525.0
2019-11-21,1170675.0
2019-11-22,1180400.0
2019-11-25,1230025.0
2019-11-26,1229475.0
2019-11-27,1228325.0
2019-11-28,1230300.0
2019-11-29,1271650.0
2019-12-02,1273300.0
2019-12-03,1277300.0
2019-12-04,1274850.0
2019-12-05,1285275.0
2019-12-06,1284300.0
2019-12-09,1288150.0
2019-12-10,1303975.0
2019-12-11,1330825.0
2019-12-12,1343800.0
2019-12-13,1375675.0
2019-12-16,1403075.0
2019-12-17,1444300.0
2019-12-18,1487775.0
2019-12-19,1487300.0
2019-12-20,1486550.0
2019-12-23,1485625.0
2019-12-24,1484525.0
2019-12-27,1483625.0
2019-12-30,1477725.0
2019-12-31,1475025.0
2020-01-02,1473025.0
2020-01-03,1470925.0
2020-01-06,1463200.0
2020-01-07,1451575.0
2020-01-08,1439300.0
2020-01-09,1425575.0
2020-01-10,1410675.0
2020-01-13,1396550.0
2020-01-14,1381175.0
2020-01-15,1367875.0
2020-01-16,1353875.0
2020-01-17,1340725.0
2020-01-20,1327675.0
2020-01-21,1309050.0
2020-01-22,1292500.0
2020-01-23,1276850.0
2020-01-24,1260150.0
2020-01-27,1248025.0
2020-01-28,1242425.0
2020-01-29,1256350.0
2020-01-30,1274325.0
2020-01-31,1288350.0
2020-02-03,1272525.0
2020-02-04,1257950.0
2020-02-05,1274550.0
2020-02-06,1257750.0
2020-02-07,1242950.0
2020-02-10,1229700.0
2020-02-11,1239800.0
2020-02-12,1232200.0
2020-02-13,1221000.0
2020-02-14,1206450.0
2020-02-17,1192375.0
2020-02-18,1177425.0
2020-02-19,1162300.0
2020-02-20,1150775.0
2020-02-21,1138975.0
2020-02-24,1127400.0
2020-02-25,1115400.0
2020-02-26,1103575.0
2020-02-27,1092275.0
2020-02-28,1082150.0
2020-03-02,1071875.0
2020-03-03,1061375.0
2020-03-04,1050750.0
2020-03-05,1040775.0
2020-03-06,1030750.0
2020-03-09,1019950.0
2020-03-10,1010025.0
2020-03-11,1002300.0
2020-03-12,994675.0
2020-03-13,987175.0
2020-03-16,978450.0
2020-03-17,973050.0
2020-03-18,967325.0
2020-03-19,1009100.0
2020-03-20,1069925.0
2020-03-23,1076050.0
2020-03-24,1100675.0
2020-03-25,1098425.0
2020-03-26,1112575.0
2020-03-27,1131675.0
2020-03-30,1150775.0
2020-03-31,1148750.0
2020-04-01,1164200.0
2020-04-02,1210475.0
2020-04-03,1207925.0
2020-04-06,1213400.0
2020-04-07,1213750.0
2020-04-08,1227450.0
2020-04-09,1239700.0
2020-04-14,1248000.0
2020-04-15,1261550.0
2020-04-16,1261475.0
2020-04-17,1259150.0
2020-04-20,1300950.0
2020-04-21,1298225.0
2020-04-22,1298125.0
2020-04-23,1307725.0
2020-04-24,1317925.0
2020-04-27,1336775.0
2020-04-28,1347000.0
2020-04-29,1346775.0
2020-04-30,1346200.0
2020-05-01,1356150.0
2020-05-04,1355175.0
2020-05-05,1355025.0
2020-05-06,1352525.0
2020-05-07,1349800.0
2020-05-11,1347100.0
2020-05-12,1354375.0
2020-05-13,1351800.0
2020-05-14,1361575.0
2020-05-15,1419675.0
2020-05-18,1414475.0
2020-05-19,1436575.0
2020-05-20,1466625.0
2020-05-21,1462600.0
2020-05-22,1458100.0
2020-05-26,1479000.0
2020-05-27,1493775.0
2020-05-28,1493075.0
2020-05-29,1500900.0
2020-06-01,1496050.0
2020-06-02,1505550.0
2020-06-03,1500900.0
2020-06-04,1526250.0
2020-06-05,1521325.0
2020-06-08,1525650.0
2020-06-09,1541150.0
2020-06-10,1541125.0
2020-06-11,1535250.0
2020-06-12,1548550.0
2020-06-15,1577000.0
2020-06-16,1616550.0
2020-06-17,1614975.0
2020-06-18,1610300.0
2020-06-19,1605625.0
2020-06-22,1617825.0
2020-06-23,1617550.0
2020-06-24,1614100.0
2020-06-25,1637750.0
2020-06-26,1652025.0
2020-06-29,1648000.0
2020-06-30,1642600.0
2020-07-01,1638300.0
2020-07-02,1633775.0
2020-07-03,1629275.0
2020-07-06,1629275.0
2020-07-07,1618025.0
2020-07-08,1613050.0
2020-07-09,1632675.0
2020-07-10,1626550.0
2020-07-13,1674900.0
2020-07-14,1669550.0
2020-07-15,1663800.0
2020-07-16,1668525.0
2020-07-17,1664400.0
2020-07-20,1658975.0
2020-07-21,1652200.0
2020-07-22,1648225.0
2020-07-23,1640425.0
2020-07-24,1649275.0
2020-07-27,1668500.0
2020-07-28,1658175.0
2020-07-29,1648775.0
2020-07-30,1643125.0
2020-07-31,1637425.0
2020-08-03,1632175.0
2020-08-04,1642050.0
2020-08-05,1637675.0
2020-08-06,1632325.0
2020-08-07,1626850.0
2020-08-10,1621400.0
2020-08-11,1617175.0
2020-08-12,1606400.0
2020-08-13,1600525.0
2020-08-14,1594325.0
2020-08-17,1588325.0
2020-08-18,1590550.0
2020-08-19,1585000.0
2020-08-20,1578200.0
2020-08-21,1574100.0
2020-08-24,1572950.0
2020-08-25,1567375.0
2020-08-26,1563300.0
2020-08-27,1559300.0
2020-08-28,1554375.0
2020-09-01,1550225.0
2020-09-02,1545575.0
2020-09-03,1541800.0
2020-09-04,1537675.0
2020-09-07,1533625.0
2020-09-08,1529425.0
2020-09-09,1526575.0
2020-09-10,1524075.0
2020-09-11,1520650.0
2020-09-14,1516500.0
2020-09-15,1513925.0
2020-09-16,1510400.0
2020-09-17,1506425.0
2020-09-18,1504175.0
2020-09-21,1499100.0
2020-09-22,1493175.0
2020-09-23,1486175.0
2020-09-24,1482225.0
2020-09-25,1477175.0
2020-09-28,1473025.0
2020-09-29,1466925.0
2020-09-30,1458900.0
2020-10-01,1450950.0
2020-10-02,1444275.0
2020-10-05,1438925.0
2020-10-06,1432650.0
2020-10-07,1428475.0
2020-10-08,1423075.0
2020-10-09,1416325.0
2020-10-12,1422475.0
2020-10-13,1412600.0
2020-10-14,1412125.0
2020-10-15,1407025.0
2020-10-16,1406575.0
2020-10-19,1406550.0
2020-10-20,1421500.0
2020-10-21,1485125.0
2020-10-22,1481950.0
2020-10-23,1479075.0
2020-10-26,1473900.0
2020-10-27,1469000.0
2020-10-28,1466325.0
2020-10-29,1462750.0
2020-10-30,1462925.0
2020-11-02,1461025.0
2020-11-03,1456075.0
2020-11-04,1450025.0
2020-11-05,1443950.0
2020-11-06,1437675.0
2020-11-09,1431575.0
2020-11-10,1425450.0
2020-11-11,1419225.0
2020-11-12,1420100.0
2020-11-13,1414675.0
2020-11-16,1413775.0
2020-11-17,1416700.0
2020-11-18,1409575.0
2020-11-19,1404425.0
2020-11-20,1399525.0
2020-11-23,1395525.0
2020-11-24,1392250.0
2020-11-25,1388250.0
2020-11-26,1383250.0
2020-11-27,1378025.0
2020-11-30,1374025.0
2020-12-01,1368125.0
2020-12-02,1364175.0
2020-12-03,1358425.0
2020-12-04,1353350.0
2020-12-07,1350575.0
2020-12-08,1343950.0
2020-12-09,1338575.0
2020-12-10,1333375.0
2020-12-11,1329600.0
2020-12-14,1357650.0
2020-12-15,1357375.0
2020-12-16,1377225.0
2020-12-17,1371300.0
2020-12-18,1367025.0
2020-12-21,1390350.0
2020-12-22,1383725.0
2020-12-23,1366000.0
2020-12-24,1372350.0
2020-12-29,1366275.0
2020-12-30,1351250.0
2020-12-31,1345800.0
2021-01-04,1340525.0
2021-01-05,1324500.0
2021-01-06,1319075.0
2021-01-07,1313100.0
2021-01-08,1309100.0
2021-01-11,1305825.0
2021-01-12,1298075.0
2021-01-13,1293300.0
2021-01-14,1285125.0
2021-01-15,1288675.0
2021-01-18,1397075.0
2021-01-19,1414675.0
2021-01-20,1417050.0
2021-01-21,1419250.0
2021-01-22,1416775.0
2021-01-25,1412925.0
2021-01-26,1419775.0
2021-01-27,1428225.0
2021-01-28,1424175.0
2021-01-29,1431050.0
2021-02-01,1428175.0
2021-02-02,1421725.0
2021-02-03,1425225.0
2021-02-04,1415125.0
2021-02-05,1406525.0
2021-02-08,1402625.0
2021-02-09,1395275.0
2021-02-10,1389975.0
2021-02-11,1384625.0
2021-02-12,1379975.0
2021-02-15,1379325.0
2021-02-16,1372475.0
2021-02-17,1365375.0
2021-02-18,1360850.0
2021-02-19,1354150.0
2021-02-22,1349150.0
2021-02-23,1343075.0
2021-02-24,1337700.0
2021-02-25,1332525.0
2021-02-26,1325875.0
2021-03-01,1316800.0
2021-03-02,1307125.0
2021-03-03,1304075.0
2021-03-04,1299775.0
2021-03-05,1299150.0
2021-03-08,1293225.0
2021-03-09,1286825.0
2021-03-10,1280575.0
2021-03-11,1608675.0
2021-03-12,1923025.0
2021-03-15,1916725.0
2021-03-16,1910650.0
2021-03-17,1903625.0
2021-03-18,1897300.0
2021-03-19,1967275.0
2021-03-22,1964025.0
2021-03-23,1956325.0
2021-03-24,1946550.0
2021-03-25,1934425.0
2021-03-26,1926000.0
2021-03-29,1917075.0
2021-03-30,1905375.0
2021-03-31,1897075.0
2021-04-01,1889400.0
2021-04-06,1882275.0
2021-04-07,1860125.0
2021-04-08,1860850.0
2021-04-09,1854250.0
2021-04-12,1847600.0
2021-04-13,1841575.0
2021-04-14,1833550.0
2021-04-15,1829325.0
2021-04-16,1824250.0
2021-04-19,1819625.0
2021-04-20,1812625.0
2021-04-21,1809250.0
2021-04-22,1802450.0
2021-04-23,1796925.0
2021-04-26,1793100.0
2021-04-27,1787525.0
2021-04-28,1782600.0
2021-04-29,1838950.0
2021-04-30,1835150.0
2021-05-04,1827800.0
2021-05-05,1810550.0
2021-05-06,1802175.0
2021-05-07,1797100.0
2021-05-10,1789725.0
2021-05-11,1780900.0
2021-05-12,1772700.0
2021-05-13,1766025.0
2021-05-14,1762525.0
2021-05-17,1768375.0
2021-05-18,1765525.0
2021-05-19,1759675.0
2021-05-20,1757350.0
2021-05-21,1750350.0
2021-05-24,1741825.0
2021-05-25,1733775.0
2021-05-26,1728375.0
2021-05-27,1724075.0
2021-05-28,1718300.0
2021-06-01,1707000.0
2021-06-02,1683675.0
2021-06-03,1674475.0
2021-06-04,1666375.0
2021-06-07,1666375.0
2021-06-08,1653175.0
2021-06-09,1649750.0
2021-06-10,1640500.0
2021-06-11,1663150.0
2021-06-14,1652850.0
2021-06-15,1640200.0
2021-06-16,1627225.0
2021-06-17,1628800.0
2021-06-18,1621325.0
2021-06-21,1612900.0
2021-06-22,1623850.0
2021-06-23,1616325.0
2021-06-24,1609100.0
2021-06-25,1596450.0
2021-06-28,1586150.0
2021-06-29,1577175.0
2021-06-30,1578075.0
2021-07-01,1568900.0
2021-07-02,1562950.0
2021-07-05,1552250.0
2021-07-06,1538725.0
2021-07-07,1526275.0
2021-07-08,1517200.0
2021-07-09,1506675.0
2021-07-12,1496075.0
2021-07-13,1480150.0
2021-07-14,1472800.0
2021-07-15,1465775.0
2021-07-16,1457800.0
2021-07-19,1449325.0
2021-07-20,1440350.0
2021-07-21,1434125.0
2021-07-22,1430200.0
2021-07-23,1423525.0
2021-07-26,1416775.0
2021-07-27,1408000.0
2021-07-28,1401500.0
2021-07-29,1395225.0
2021-07-30,1387800.0
2021-08-02,1378575.0
2021-08-03,1371150.0
2021-08-04,1363475.0
2021-08-05,1355600.0
2021-08-06,1353050.0
2021-08-09,1345850.0
2021-08-10,1339100.0
2021-08-11,1340225.0
2021-08-12,1333575.0
2021-08-13,1323825.0
2021-08-16,1312950.0
2021-08-17,1322150.0
2021-08-18,1315125.0
2021-08-19,1309700.0
2021-08-20,1304950.0
2021-08-23,1300250.0
2021-08-24,1295125.0
2021-08-25,1292500.0
2021-08-26,1306950.0
2021-08-27,1338125.0
2021-08-31,1334675.0
2021-09-01,1336850.0
2021-09-02,1335300.0
2021-09-03,1343425.0
2021-09-06,1341000.0
2021-09-07,1333625.0
2021-09-08,1334225.0
2021-09-09,1325225.0
2021-09-10,1317725.0
2021-09-13,1309450.0
2021-09-14,1303500.0
2021-09-15,1299900.0
2021-09-16,1319150.0
2021-09-17,1327725.0
2021-09-20,1326150.0
2021-09-21,1315975.0
2021-09-22,1304725.0
2021-09-23,1289075.0
2021-09-24,1281550.0
2021-09-27,1273750.0
2021-09-28,1256450.0
2021-09-29,1248625.0
2021-09-30,1238300.0
2021-10-01,1229700.0
2021-10-04,1218775.0
2021-10-05,1211975.0
2021-10-06,1198425.0
2021-10-07,1188575.0
2021-10-08,1170800.0
2021-10-11,1150225.0
2021-10-12,1137675.0
2021-10-13,1128500.0
2021-10-14,1126550.0
2021-10-15,1118325.0
2021-10-18,1111525.0
2021-10-19,1103275.0
2021-10-20,1098300.0
2021-10-21,1092600.0
2021-10-22,1086625.0
2021-10-25,1078525.0
2021-10-26,1064425.0
2021-10-27,1055300.0
2021-10-28,1051350.0
2021-10-29,1042800.0
2021-11-01,1035525.0
2021-11-02,1028325.0
2021-11-03,1019825.0
2021-11-04,1009725.0
2021-11-05,1004050.0
2021-11-08,1000375.0
2021-11-09,991375.0
2021-11-10,985275.0
2021-11-11,982025.0
2021-11-12,974700.0
2021-11-15,968450.0
2021-11-16,959975.0
2021-11-17,956750.0
2021-11-18,952850.0
2021-11-19,948650.0
2021-11-22,943125.0
2021-11-23,935750.0
2021-11-24,923700.0
2021-11-25,919225.0
2021-11-26,915850.0
2021-11-29,909225.0
2021-11-30,900975.0
2021-12-01,893775.0
2021-12-02,889575.0
2021-12-03,882800.0
2021-12-06,898450.0
2021-12-07,893650.0
2021-12-08,894350.0
2021-12-09,890650.0
2021-12-10,913200.0
2021-12-13,909650.0
2021-12-14,977400.0
2021-12-15,990550.0
2021-12-16,984650.0
2021-12-17,979600.0
2021-12-20,975825.0
2021-12-21,971600.0
2021-12-22,970425.0
2021-12-23,968650.0
2021-12-24,964175.0
2021-12-29,959700.0
2021-12-30,943500.0
2021-12-31,939200.0
2022-01-04,934375.0
2022-01-05,926800.0
2022-01-06,921400.0
2022-01-07,916875.0
2022-01-10,911500.0
2022-01-11,902850.0
2022-01-12,898525.0
2022-01-13,895000.0
2022-01-14,891550.0
2022-01-17,892800.0
2022-01-18,884125.0
2022-01-19,878750.0
2022-01-20,873650.0
2022-01-21,865950.0
2022-01-24,859800.0
2022-01-25,845625.0
2022-01-26,835000.0
2022-01-27,823525.0
2022-01-28,811050.0
2022-01-31,799475.0
2022-02-01,788425.0
2022-02-02,782225.0
2022-02-03,781900.0
2022-02-04,775475.0
2022-02-07,768250.0
2022-02-08,767700.0
2022-02-09,761950.0
2022-02-10,880975.0
2022-02-11,875250.0
2022-02-14,868950.0
2022-02-15,860250.0
2022-02-16,857225.0
2022-02-17,855525.0
2022-02-18,849275.0
2022-02-21,843475.0
2022-02-22,835125.0
2022-02-23,833900.0
2022-02-24,824150.0
2022-02-25,823125.0
2022-02-28,824025.0
2022-03-01,814275.0
2022-03-02,809750.0
2022-03-03,801100.0
2022-03-04,794150.0
2022-03-07,786475.0
2022-03-08,779350.0
2022-03-09,771175.0
2022-03-10,762775.0
2022-03-11,755950.0
2022-03-14,752850.0
2022-03-15,742200.0
2022-03-16,733900.0
2022-03-17,724700.0
2022-03-18,715225.0
2022-03-21,704850.0
2022-03-22,695825.0
2022-03-23,689575.0
2022-03-24,684250.0
2022-03-25,678100.0
2022-03-28,671025.0
2022-03-29,663225.0
2022-03-30,654475.0
2022-03-31,646850.0
2022-04-01,635975.0
2022-04-04,629775.0
2022-04-05,623325.0
2022-04-06,619875.0
2022-04-07,619775.0
2022-04-08,615750.0
2022-04-11,609850.0
2022-04-12,610775.0
2022-04-13,612275.0
2022-04-14,608000.0
2022-04-19,603650.0
2022-04-20,592175.0
2022-04-21,589725.0
2022-04-22,586000.0
2022-04-25,584050.0
2022-04-26,579600.0
2022-04-27,574550.0
2022-04-28,571625.0
2022-04-29,570100.0
2022-05-03,577650.0
2022-05-04,573975.0
2022-05-05,573600.0
2022-05-06,571800.0
2022-05-09,568250.0
2022-05-10,560275.0
2022-05-11,553925.0
2022-05-12,546350.0
2022-05-13,539800.0
2022-05-16,532500.0
2022-05-17,527375.0
2022-05-18,518900.0
2022-05-19,511675.0
2022-05-20,504275.0
2022-05-23,497250.0
2022-05-24,487475.0
2022-05-25,481650.0
2022-05-26,475650.0
2022-05-27,471075.0
2022-05-30,465700.0
2022-05-31,458875.0
2022-06-01,453875.0
2022-06-06,450500.0
2022-06-07,441725.0
2022-06-08,434000.0
2022-06-09,430050.0
2022-06-10,427350.0
2022-06-13,423975.0
2022-06-14,420675.0
2022-06-15,416125.0
2022-06-16,411575.0
2022-06-17,407875.0
2022-06-20,404450.0
2022-06-21,398925.0
2022-06-22,395575.0
2022-06-23,392275.0
2022-06-24,388750.0
2022-06-27,384800.0
2022-06-28,380675.0
2022-06-29,376925.0
2022-06-30,373275.0
2022-07-01,369675.0
2022-07-04,366150.0
2022-07-05,362525.0
2022-07-06,358125.0
2022-07-07,353175.0
2022-07-08,347175.0
2022-07-11,343825.0
2022-07-12,340375.0
2022-07-13,340300.0
2022-07-14,336850.0
2022-07-15,333000.0
2022-07-18,328500.0
2022-07-19,325075.0
2022-07-20,320675.0
2022-07-21,317275.0
2022-07-22,313175.0
2022-07-25,308050.0
2022-07-26,304125.0
2022-07-27,299700.0
2022-07-28,295325.0
2022-07-29,291025.0
2022-08-01,288125.0
2022-08-02,296650.0
2022-08-03,294550.0
2022-08-04,290675.0
2022-08-05,289125.0
2022-08-08,287425.0
2022-08-09,284275.0
2022-08-10,282700.0
2022-08-11,279125.0
2022-08-12,277225.0
2022-08-15,275725.0
2022-08-16,275625.0
2022-08-17,276875.0
2022-08-18,274525.0
2022-08-19,273775.0
2022-08-22,273325.0
2022-08-23,271450.0
2022-08-24,282075.0
2022-08-25,280125.0
2022-08-26,278025.0
2022-08-30,280475.0
2022-08-31,277050.0
2022-09-01,276375.0
2022-09-02,276050.0
2022-09-05,277050.0
2022-09-06,308375.0
2022-09-07,309500.0
2022-09-08,309025.0
2022-09-09,335275.0
2022-09-12,334375.0
2022-09-13,332900.0
2022-09-14,345600.0
2022-09-15,349650.0
2022-09-16,347650.0
2022-09-19,346325.0
2022-09-20,346025.0
2022-09-21,343325.0
2022-09-22,341650.0
2022-09-23,340350.0
2022-09-26,338850.0
2022-09-27,337425.0
2022-09-28,335625.0
2022-09-29,334100.0
2022-09-30,332175.0
2022-10-03,330050.0
2022-10-04,328600.0
2022-10-05,328525.0
2022-10-06,328850.0
2022-10-07,327625.0
2022-10-10,327675.0
2022-10-11,325800.0
2022-10-12,336275.0
2022-10-13,351900.0
2022-10-14,367200.0
2022-10-17,433025.0
2022-10-18,481375.0
2022-10-19,562550.0
2022-10-20,568275.0
2022-10-21,570000.0
2022-10-24,569525.0
2022-10-25,569500.0
2022-10-26,574075.0
2022-10-27,587100.0
2022-10-28,587425.0
2022-10-31,586225.0
2022-11-01,583975.0
2022-11-02,581050.0
2022-11-03,577875.0
2022-11-04,574425.0
2022-11-07,570775.0
2022-11-08,564375.0
2022-11-09,558825.0
2022-11-10,552600.0
2022-11-11,549275.0
2022-11-14,544025.0
2022-11-15,538825.0
2022-11-16,532975.0
2022-11-17,528250.0
2022-11-18,524375.0
2022-11-21,522000.0
2022-11-22,517075.0
2022-11-23,513275.0
2022-11-24,509450.0
2022-11-25,506275.0
2022-11-28,503700.0
2022-11-29,503150.0
2022-11-30,501225.0
2022-12-01,499150.0
2022-12-02,497925.0
2022-12-05,495550.0
2022-12-06,491750.0
2022-12-07,483575.0
2022-12-08,477425.0
2022-12-09,471575.0
2022-12-12,501675.0
2022-12-13,496425.0
2022-12-14,489300.0
2022-12-15,483850.0
2022-12-16,477650.0
2022-12-19,479525.0
2022-12-20,478500.0
2022-12-21,481175.0
2022-12-22,473000.0
2022-12-23,466600.0
2022-12-28,461725.0
2022-12-29,453375.0
2022-12-30,450300.0
2023-01-03,447250.0
2023-01-04,442425.0
2023-01-05,436500.0
2023-01-06,428525.0
2023-01-09,422075.0
2023-01-10,418875.0
2023-01-11,413700.0
2023-01-12,408875.0
2023-01-13,403250.0
2023-01-16,399650.0
2023-01-17,395150.0
2023-01-18,390400.0
2023-01-19,385850.0
2023-01-20,381175.0
2023-01-23,375950.0
2023-01-24,381550.0
2023-01-25,381550.0
2023-01-26,419425.0
2023-01-27,415525.0
2023-01-30,411650.0
2023-01-31,407325.0
2023-02-01,404150.0
2023-02-02,399600.0
2023-02-03,395250.0
2023-02-06,392200.0
2023-02-07,390200.0
2023-02-08,495750.0
2023-02-09,490550.0
2023-02-10,486925.0
2023-02-13,576775.0
2023-02-14,601600.0
2023-02-15,602150.0
2023-02-16,597825.0
2023-02-17,591950.0
2023-02-20,585750.0
2023-02-21,581300.0
2023-02-22,574025.0
2023-02-23,568800.0
2023-02-24,563600.0
2023-02-27,559375.0
2023-02-28,554900.0
2023-03-01,550100.0
2023-03-02,546825.0
2023-03-03,564700.0
2023-03-06,562325.0
2023-03-07,557925.0
2023-03-08,554300.0
2023-03-09,551175.0
2023-03-10,548375.0
2023-03-13,543525.0
2023-03-14,536450.0
2023-03-15,532425.0
2023-03-16,530550.0
2023-03-17,552350.0
2023-03-20,546200.0
2023-03-21,541875.0
2023-03-22,541325.0
2023-03-23,538950.0
2023-03-24,532725.0
2023-03-27,527875.0
2023-03-28,532025.0
2023-03-29,529175.0
2023-03-30,525275.0
2023-03-31,520900.0
2023-04-03,523900.0
2023-04-04,520100.0
2023-04-05,516825.0
2023-04-06,516800.0
2023-04-11,512725.0
2023-04-12,527450.0
2023-04-13,530775.0
2023-04-14,530650.0
2023-04-17,528350.0
2023-04-18,573075.0
2023-04-19,573575.0
2023-04-20,572275.0
2023-04-21,571400.0
2023-04-24,569600.0
2023-04-25,569600.0
2023-04-26,571800.0
2023-04-27,570300.0
2023-04-28,568500.0
2023-05-02,566200.0
2023-05-03,565200.0
2023-05-04,563300.0
2023-05-05,561925.0
2023-05-09,561450.0
2023-05-10,570150.0
2023-05-11,569975.0
2023-05-12,570300.0
2023-05-15,568200.0
2023-05-16,562450.0
2023-05-17,559000.0
2023-05-18,556550.0
2023-05-19,555200.0
2023-05-22,555000.0
2023-05-23,575875.0
2023-05-24,575675.0
2023-05-25,575475.0
2023-05-26,579775.0
2023-05-30,586525.0
2023-05-31,579525.0
2023-06-01,578825.0
2023-06-02,579025.0
2023-06-05,585050.0
2023-06-06,589475.0
2023-06-07,589450.0
2023-06-08,582125.0
2023-06-09,578300.0
2023-06-12,577975.0
2023-06-13,575325.0
2023-06-14,572775.0
2023-06-15,569075.0
2023-06-16,564850.0
2023-06-19,559925.0
2023-06-20,555675.0
2023-06-21,550925.0
2023-06-22,546375.0
2023-06-23,540975.0
2023-06-26,537775.0
2023-06-27,536425.0
2023-06-28,534350.0
2023-06-29,531225.0
2023-06-30,543150.0
2023-07-03,542050.0
2023-07-04,544400.0
2023-07-05,539700.0
2023-07-06,537875.0
2023-07-07,535075.0
2023-07-10,534075.0
2023-07-11,531725.0
2023-07-12,528100.0
2023-07-13,532100.0
2023-07-14,528475.0
2023-07-17,520800.0
2023-07-18,517400.0
2023-07-19,514300.0
2023-07-20,513100.0
2023-07-21,513400.0
2023-07-24,512500.0
2023-07-25,516975.0
2023-07-26,514025.0
2023-07-27,511000.0
2023-07-28,509000.0
2023-07-31,507400.0
2023-08-01,505550.0
2023-08-02,502775.0
2023-08-03,505100.0
2023-08-04,503325.0
2023-08-07,501325.0
2023-08-08,498900.0
2023-08-09,495000.0
2023-08-10,496150.0
2023-08-11,493825.0
2023-08-14,491750.0
2023-08-15,490800.0
2023-08-16,488600.0
2023-08-17,487100.0
2023-08-18,483550.0
2023-08-21,491050.0
2023-08-22,529775.0
2023-08-23,528250.0
2023-08-24,527550.0
2023-08-25,526175.0
2023-08-29,524025.0
2023-08-30,517375.0
2023-08-31,515750.0
2023-09-01,508400.0
2023-09-04,506400.0
2023-09-05,506875.0
2023-09-06,502400.0
2023-09-07,501475.0
2023-09-08,499475.0
2023-09-11,495875.0
2023-09-12,493875.0
2023-09-13,491300.0
2023-09-14,498525.0
2023-09-15,495400.0
2023-09-18,492575.0
2023-09-19,489825.0
2023-09-20,486150.0
2023-09-21,483550.0
2023-09-22,482300.0
2023-09-25,496550.0
2023-09-26,494300.0
2023-09-27,493300.0
2023-09-28,490275.0
2023-09-29,486050.0
2023-10-02,486775.0
2023-10-03,504850.0
2023-10-04,502850.0
2023-10-05,500850.0
2023-10-06,497650.0
2023-10-09,495650.0
2023-10-10,492650.0
2023-10-11,492650.0
2023-10-12,490650.0
2023-10-13,488625.0
2023-10-16,486600.0
2023-10-17,484600.0
2023-10-18,492775.0
2023-10-19,490450.0
2023-10-20,488450.0
2023-10-23,486450.0
2023-10-24,484450.0
2023-10-25,482450.0
2023-10-26,480250.0
2023-10-27,478725.0
2023-10-30,476725.0
2023-10-31,474725.0
2023-11-01,472700.0
2023-11-02,470700.0
2023-11-03,468700.0
2023-11-06,466700.0
2023-11-07,464100.0
2023-11-08,461600.0
2023-11-09,459100.0
2023-11-10,481750.0
2023-11-13,479650.0
2023-11-14,487575.0
2023-11-15,485825.0
2023-11-16,483800.0
2023-11-17,481775.0
2023-11-20,479775.0
2023-11-21,476875.0
2023-11-22,479650.0
2023-11-23,476300.0
2023-11-24,473875.0
2023-11-27,471875.0
2023-11-28,467875.0
2023-11-29,464375.0
2023-11-30,459375.0
2023-12-01,454375.0
2023-12-04,452900.0
2023-12-05,446150.0
2023-12-06,443000.0
2023-12-07,442500.0
2023-12-08,453225.0
2023-12-11,452375.0
2023-12-12,450225.0
2023-12-13,449525.0
2023-12-14,447575.0
2023-12-15,444625.0
2023-12-18,504475.0
2023-12-19,511450.0
2023-12-20,509800.0
2023-12-21,508150.0
2023-12-22,508650.0
2023-12-27,523725.0
2023-12-28,551050.0
2023-12-29,549050.0
2024-01-02,566375.0
2024-01-03,565175.0
2024-01-04,561575.0
2024-01-05,558175.0
2024-01-08,569100.0
2024-01-09,565275.0
2024-01-10,561825.0
2024-01-11,560575.0
2024-01-12,558575.0
2024-01-15,558550.0
2024-01-16,558550.0
2024-01-17,557675.0
2024-01-18,556300.0
2024-01-19,555225.0
2024-01-22,550825.0
2024-01-23,548325.0
2024-01-24,546325.0
2024-01-25,545050.0
2024-01-26,546250.0
2024-01-29,542750.0
2024-01-30,537825.0
2024-01-31,537575.0
2024-02-01,535575.0
2024-02-02,533475.0
2024-02-05,531175.0
2024-02-06,526750.0
2024-02-07,528050.0
2024-02-08,529350.0
2024-02-09,527350.0
2024-02-12,525250.0
2024-02-13,525225.0
2024-02-14,525100.0
2024-02-15,538075.0
2024-02-16,534925.0
2024-02-19,549600.0
2024-02-20,564675.0
2024-02-21,562125.0
2024-02-22,560675.0
2024-02-23,580275.0
2024-02-26,581800.0
2024-02-27,582675.0
2024-02-28,591675.0
2024-02-29,589650.0
2024-03-01,589075.0
2024-03-04,586600.0
2024-03-05,583700.0
2024-03-06,581900.0
2024-03-07,580325.0
2024-03-08,580050.0
2024-03-11,577675.0
2024-03-12,575675.0
2024-03-13,572925.0
2024-03-14,573275.0
2024-03-15,571775.0
2024-03-18,568525.0
2024-03-19,566425.0
2024-03-20,566325.0
2024-03-21,564050.0
2024-03-22,560700.0
2024-03-25,559600.0
2024-03-26,555775.0
2024-03-27,556525.0
2024-03-28,554475.0
2024-04-02,551400.0
2024-04-03,541350.0
2024-04-04,536850.0
2024-04-05,535475.0
2024-04-08,533150.0
2024-04-09,529625.0
2024-04-10,526075.0
2024-04-11,524625.0
2024-04-12,523100.0
2024-04-15,521600.0
2024-04-16,517350.0
2024-04-17,513850.0
2024-04-18,509250.0
2024-04-19,504000.0
2024-04-22,500000.0
2024-04-23,497300.0
2024-04-24,496550.0
2024-04-25,494875.0
2024-04-26,494150.0
2024-04-29,492750.0
2024-04-30,490750.0
2024-05-01,489250.0
2024-05-02,489250.0
2024-05-03,487750.0
2024-05-07,486050.0
2024-05-08,482600.0
2024-05-09,479850.0
2024-05-10,903850.0
2024-05-13,902550.0
2024-05-14,1033625.0
2024-05-15,1033450.0
2024-05-16,1093275.0
2024-05-17,1093275.0
2024-05-20,1092800.0
2024-05-21,1092300.0
2024-05-22,1125175.0
2024-05-23,1127775.0
2024-05-24,1124700.0
2024-05-28,1121500.0
2024-05-29,1120050.0
2024-05-30,1120050.0
2024-05-31,1116650.0
2024-06-03,1113150.0
2024-06-04,1109900.0
2024-06-05,1111300.0
2024-06-06,1107500.0
2024-06-07,1103500.0
2024-06-10,1100000.0
2024-06-11,1096250.0
2024-06-12,1092550.0
2024-06-13,1085550.0
2024-06-14,1079050.0
2024-06-17,1073950.0
2024-06-18,1068675.0
2024-06-19,1066575.0
2024-06-20,1061000.0
2024-06-21,1055425.0
2024-06-24,1049825.0
2024-06-25,1044325.0
2024-06-26,1038725.0
2024-06-27,1032875.0
2024-06-28,1026925.0
2024-07-01,1021350.0
2024-07-02,1014925.0
2024-07-03,1009825.0
2024-07-04,1004825.0
2024-07-05,999725.0
2024-07-08,994175.0
2024-07-09,988525.0
2024-07-10,987025.0
2024-07-11,982000.0
2024-07-12,976725.0
2024-07-15,970725.0
2024-07-16,965550.0
2024-07-17,964350.0
2024-07-18,963825.0
2024-07-19,960075.0
2024-07-22,956200.0
2024-07-23,952225.0
2024-07-24,948450.0
2024-07-25,947225.0
2024-07-26,943675.0
2024-07-29,940125.0
2024-07-30,936625.0
2024-07-31,933125.0
2024-08-01,929325.0
2024-08-02,925625.0
2024-08-05,921625.0
2024-08-06,918050.0
2024-08-07,914450.0
2024-08-08,910950.0
2024-08-09,907450.0
2024-08-12,903600.0
2024-08-13,899900.0
2024-08-14,896200.0
2024-08-15,892475.0
2024-08-16,888975.0
2024-08-19,885375.0
2024-08-20,881450.0
2024-08-21,877950.0
2024-08-22,874450.0
2024-08-23,870950.0
2024-08-27,867225.0
2024-08-28,860225.0
2024-08-29,856725.0
2024-08-30,852150.0
2024-09-02,847425.0
2024-09-03,843925.0
2024-09-04,840425.0
2024-09-05,836925.0
2024-09-06,833425.0
2024-09-09,834850.0
2024-09-10,831350.0
2024-09-11,827850.0
2024-09-12,824350.0
2024-09-13,820850.0
2024-09-16,817350.0
2024-09-17,813500.0
2024-09-18,813500.0
2024-09-19,813000.0
2024-09-20,809025.0
2024-09-23,805525.0
2024-09-24,803025.0
2024-09-25,800525.0
2024-09-26,798025.0
2024-09-27,795450.0
2024-09-30,792950.0
2024-10-01,790450.0
2024-10-02,787950.0
2024-10-03,785450.0
2024-10-04,782775.0
2024-10-07,780275.0
2024-10-08,777775.0
2024-10-09,775275.0
2024-10-10,772775.0
2024-10-11,770275.0
2024-10-14,769275.0
2024-10-15,767850.0
2024-10-16,765350.0
2024-10-17,762850.0
2024-10-18,760350.0
2024-10-21,757850.0
2024-10-22,755350.0
2024-10-23,752850.0
2024-10-24,750350.0
2024-10-25,748700.0
2024-10-28,746200.0
2024-10-29,743700.0
2024-10-30,741200.0
2024-10-31,738700.0
2024-11-01,736200.0
2024-11-04,741900.0
2024-11-05,739400.0
2024-11-06,736900.0
2024-11-07,734400.0
2024-11-08,731900.0
2024-11-11,729325.0
2024-11-12,726700.0
2024-11-13,724100.0
2024-11-14,721475.0
2024-11-15,718950.0
2024-11-18,716425.0
2024-11-19,713900.0
2024-11-20,711400.0
2024-11-21,711050.0
2024-11-22,708550.0
2024-11-25,706000.0
2024-11-26,703475.0
2024-11-27,700975.0
2024-11-28,698475.0
2024-11-29,695975.0
2024-12-02,693475.0
2024-12-03,690700.0
2024-12-04,689725.0
2024-12-05,687125.0
2024-12-06,684600.0
2024-12-09,681600.0
2024-12-10,679600.0
2024-12-11,677600.0
2024-12-12,675100.0
2024-12-13,675025.0
2024-12-16,672525.0
2024-12-17,670025.0
2024-12-18,667525.0
2024-12-19,665025.0
2024-12-20,662150.0
2024-12-23,659650.0
2024-12-24,657150.0
2024-12-27,652650.0
2024-12-30,643650.0
2024-12-31,639150.0
2025-01-02,634650.0
2025-01-03,630150.0
2025-01-06,626775.0
2025-01-07,624275.0
2025-01-08,621775.0
2025-01-09,619275.0
2025-01-10,621875.0
2025-01-13,619375.0
2025-01-14,616875.0
2025-01-15,614375.0
2025-01-16,611875.0
2025-01-17,609375.0
2025-01-20,606875.0
2025-01-21,604275.0
2025-01-22,600175.0
2025-01-23,597675.0
2025-01-24,595175.0
2025-01-27,592625.0
2025-01-28,592850.0
2025-01-29,590350.0
2025-01-30,587850.0
2025-01-31,587850.0
2025-02-03,587200.0
2025-02-04,581200.0
2025-02-05,576700.0
2025-02-06,572200.0
2025-02-07,567700.0
2025-02-10,563200.0
2025-02-11,558700.0
2025-02-12,566050.0
2025-02-13,564525.0
2025-02-14,560000.0
2025-02-17,555950.0
2025-02-18,551950.0
2025-02-19,547950.0
2025-02-20,543900.0
2025-02-21,539900.0
2025-02-24,535900.0
2025-02-25,531025.0
2025-02-26,529475.0
2025-02-27,525425.0
2025-02-28,521200.0
2025-03-03,517150.0
2025-03-04,524500.0
2025-03-05,519875.0
2025-03-06,515600.0
2025-03-07,510900.0
2025-03-10,506200.0
2025-03-11,502150.0
2025-03-12,501825.0
2025-03-13,503550.0
2025-03-14,501800.0
2025-03-17,497275.0
2025-03-18,493250.0
2025-03-19,489125.0
2025-03-20,487525.0
2025-03-21,483925.0
2025-03-24,480250.0
2025-03-25,476625.0
2025-03-26,473100.0
2025-03-27,469575.0
2025-03-28,466050.0
2025-03-31,462450.0
2025-04-01,458900.0
2025-04-02,458825.0
2025-04-03,458800.0
2025-04-04,456750.0
2025-04-07,454700.0
2025-04-08,452525.0
2025-04-09,449500.0
2025-04-10,446325.0
2025-04-11,442225.0
2025-04-14,440150.0
2025-04-15,439325.0
2025-04-16,436975.0
2025-04-17,434150.0
2025-04-22,431700.0
2025-04-23,425600.0
2025-04-24,423575.0
2025-04-25,421575.0
2025-04-28,419575.0
2025-04-29,417575.0
2025-04-30,415575.0
2025-05-01,413575.0
2025-05-02,411575.0
2025-05-06,411575.0
2025-05-07,407575.0
2025-05-08,405575.0
2025-05-09,403550.0
2025-05-12,401525.0
2025-05-13,399300.0
2025-05-14,399300.0
2025-05-15,397275.0
2025-05-16,395450.0
2025-05-19,393450.0
2025-05-20,390925.0
2025-05-21,388900.0
2025-05-22,386900.0
2025-05-23,384575.0
2025-05-27,381575.0
2025-05-28,377325.0
2025-05-29,375075.0
2025-05-30,372525.0
2025-06-02,370275.0
2025-06-03,367875.0
2025-06-04,367875.0
2025-06-05,365850.0
2025-06-06,363850.0
2025-06-09,362000.0
2025-06-10,359900.0
2025-06-11,357600.0
2025-06-12,355600.0
2025-06-13,353225.0
2025-06-16,351200.0
2025-06-17,349100.0
2025-06-18,347000.0
2025-06-19,344950.0
2025-06-20,342850.0
2025-06-23,340975.0
2025-06-24,339900.0
2025-06-25,337900.0
2025-06-26,336900.0
2025-06-27,345200.0
2025-06-30,345750.0
2025-07-01,348625.0
2025-07-02,356625.0
2025-07-03,356975.0
2025-07-04,363925.0
2025-07-07,371150.0
2025-07-08,384350.0
2025-07-09,390800.0
2025-07-10,395725.0
2025-07-11,400275.0
2025-07-14,405550.0
2025-07-15,416975.0
2025-07-16,423525.0
2025-07-17,427200.0
2025-07-18,430700.0
2025-07-21,434425.0
2025-07-22,438450.0
2025-07-23,444800.0
2025-07-24,448100.0
2025-07-25,450825.0
2025-07-28,454275.0
2025-07-29,456100.0
2025-07-30,460350.0
2025-07-31,461025.0
2025-08-01,462800.0
2025-08-04,463725.0
2025-08-05,466025.0
2025-08-06,467925.0
2025-08-07,469500.0
2025-08-08,470575.0
2025-08-11,475850.0
2025-08-12,477100.0
2025-08-13,478625.0
2025-08-14,479675.0
2025-08-15,479550.0
2025-08-18,479525.0
2025-08-19,479525.0
2025-08-20,479525.0
2025-08-21,479525.0
2025-08-22,478725.0
2025-08-26,478075.0
2025-08-27,481250.0
2025-08-28,481150.0
2025-08-29,481050.0
2025-09-01,481050.0
2025-09-02,479600.0
2025-09-03,479600.0
2025-09-04,479600.0
2025-09-05,484675.0
2025-09-08,485275.0
2025-09-09,485275.0
2025-09-10,485275.0
2025-09-11,485275.0
2025-09-12,485275.0
2025-09-15,485275.0
2025-09-16,483775.0
2025-09-17,483775.0
2025-09-18,513900.0
2025-09-19,513900.0
2025-09-22,513900.0
2025-09-23,513850.0
2025-09-24,517150.0
2025-09-25,515925.0
2025-09-26,517700.0
2025-09-29,515600.0
2025-09-30,513425.0
2025-10-01,511425.0
2025-10-02,508425.0
2025-10-03,502800.0
2025-10-06,507300.0
2025-10-07,505325.0
2025-10-08,506400.0
2025-10-09,508600.0
2025-10-10,508825.0
2025-10-13,506000.0
2025-10-14,503950.0
2025-10-15,498975.0
2025-10-16,495325.0
2025-10-17,491225.0
2025-10-20,487125.0
2025-10-21,484125.0
2025-10-22,482525.0
2025-10-23,477675.0
2025-10-24,473125.0
2025-10-27,469275.0
2025-10-28,465650.0
2025-10-29,462750.0
2025-10-30,459525.0
2025-10-31,558050.0
2025-11-03,554575.0
2025-11-04,552575.0
2025-11-05,550450.0
2025-11-06,548375.0
2025-11-07,549225.0
2025-11-10,547225.0
2025-11-11,545225.0
2025-11-12,544075.0
2025-11-13,553200.0
2025-11-14,552375.0
2025-11-17,550200.0
2025-11-18,548075.0
2025-11-19,546075.0
2025-11-20,544075.0
2025-11-21,548000.0
2025-11-24,545950.0
2025-11-25,543725.0
2025-11-26,541725.0
2025-11-27,541050.0
2025-11-28,539050.0
2025-12-01,537900.0
2025-12-02,535900.0
2025-12-03,533400.0
2025-12-04,530900.0
2025-12-05,528300.0
2025-12-08,525800.0
2025-12-09,523300.0
2025-12-10,520800.0
2025-12-11,518750.0
2025-12-12,519650.0
2025-12-15,519600.0
2025-12-16,519600.0
2025-12-17,519600.0
2025-12-18,519600.0
2025-12-19,519600.0
2025-12-22,519600.0
2025-12-23,519600.0
2025-12-24,521050.0
2025-12-29,519250.0
2025-12-30,514250.0
2025-12-31,511750.0
2026-01-02,509250.0
2026-01-05,506750.0
2026-01-06,504250.0
2026-01-07,501750.0
2026-01-08,499750.0
2026-01-09,497825.0
2026-01-12,495825.0
2026-01-13,494000.0
2026-01-14,492000.0
2026-01-15,490000.0
2026-01-16,488000.0
2026-01-19,485000.0
2026-01-20,483000.0
2026-01-21,507175.0
2026-01-22,509275.0
2026-01-23,507275.0
2026-01-26,505275.0
2026-01-27,502250.0
2026-01-28,499975.0
2026-01-29,497725.0
2026-01-30,495725.0
2026-02-02,497175.0
2026-02-03,495175.0
2026-02-04,495175.0
2026-02-05,492975.0
2026-02-06,490975.0
2026-02-09,488975.0
2026-02-10,486975.0
2026-02-11,485750.0
2026-02-12,483550.0
2026-02-13,481550.0
2026-02-16,479550.0
2026-02-17,477550.0
2026-02-18,475550.0
2026-02-19,475550.0
2026-02-20,475550.0
2026-02-23,473550.0
2026-02-24,471550.0
2026-02-25,469550.0
2026-02-26,467550.0
2026-02-27,465550.0
2026-03-02,463550.0
2026-03-03,461550.0
2026-03-04,461125.0
2026-03-05,459125.0
2026-03-06,456875.0
